Time Bucket (America/Chicago),Load Disaggregation 1_1 (kWatts)
11/16/2022 14:37:37,0.0000
11/16/2022 14:37:38,0.0000
11/16/2022 14:37:39,0.0000
11/16/2022 14:37:40,0.0000
11/16/2022 14:37:41,0.0000
11/16/2022 14:37:42,0.0000
11/16/2022 14:37:43,0.0000
11/16/2022 14:37:44,0.0000
11/16/2022 14:37:45,0.0000
11/16/2022 14:37:46,0.0000
11/16/2022 14:37:47,1.4390
11/16/2022 14:37:48,1.4390
11/16/2022 14:37:49,1.4390
11/16/2022 14:37:50,1.4390
11/16/2022 14:37:51,1.4390
11/16/2022 14:37:52,1.4315
11/16/2022 14:37:53,1.4315
11/16/2022 14:37:54,1.4315
11/16/2022 14:37:55,1.4315
11/16/2022 14:37:56,1.4315
11/16/2022 14:37:57,1.4278
11/16/2022 14:37:58,1.4278
11/16/2022 14:37:59,1.4278
11/16/2022 14:38:00,1.4278
11/16/2022 14:38:01,1.4278
11/16/2022 14:38:02,1.4283
11/16/2022 14:38:03,1.4283
11/16/2022 14:38:04,1.4283
11/16/2022 14:38:05,1.4283
11/16/2022 14:38:06,1.4283
11/16/2022 14:38:07,1.2384
11/16/2022 14:38:08,1.2384
11/16/2022 14:38:09,1.2384
11/16/2022 14:38:10,1.2384
11/16/2022 14:38:11,1.2384
11/16/2022 14:38:12,0.0000
11/16/2022 14:38:13,0.0000
11/16/2022 14:38:14,0.0000
11/16/2022 14:38:15,0.0000
11/16/2022 14:38:16,0.0000
11/16/2022 14:38:17,0.0000
11/16/2022 14:38:18,0.0000
11/16/2022 14:38:19,0.0000
11/16/2022 14:38:20,0.0000
11/16/2022 14:38:21,0.0000
11/16/2022 14:38:22,0.0000
11/16/2022 14:38:23,0.0000
11/16/2022 14:38:24,0.0000
11/16/2022 14:38:25,0.0000
11/16/2022 14:38:26,0.0000
11/16/2022 14:38:27,0.0000
11/16/2022 14:38:28,0.0000
11/16/2022 14:38:29,0.0000
11/16/2022 14:38:30,0.0000
11/16/2022 14:38:31,0.0000
11/16/2022 14:38:32,0.0000
11/16/2022 14:38:33,0.0000
11/16/2022 14:38:34,0.0000
11/16/2022 14:38:35,0.0000
11/16/2022 14:38:36,0.0000
11/16/2022 14:38:37,0.0000
11/16/2022 14:38:38,0.0000
11/16/2022 14:38:39,0.0000
11/16/2022 14:38:40,0.0000
11/16/2022 14:38:41,0.0000
11/16/2022 14:38:42,0.0000
11/16/2022 14:38:43,0.0000
11/16/2022 14:38:44,0.0000
11/16/2022 14:38:45,0.0000
11/16/2022 14:38:46,0.0000
11/16/2022 14:38:47,0.0000
11/16/2022 14:38:48,0.0000
11/16/2022 14:38:49,0.0000
11/16/2022 14:38:50,0.0000
11/16/2022 14:38:51,0.0000
11/16/2022 14:38:52,0.0000
11/16/2022 14:38:53,0.0000
11/16/2022 14:38:54,0.0000
11/16/2022 14:38:55,0.0000
11/16/2022 14:38:56,0.0000
11/16/2022 14:38:57,0.0000
11/16/2022 14:38:58,0.0000
11/16/2022 14:38:59,0.0000
11/16/2022 14:39:00,0.0000
11/16/2022 14:39:01,0.0000
11/16/2022 14:39:02,0.0000
11/16/2022 14:39:03,0.0000
11/16/2022 14:39:04,0.0000
11/16/2022 14:39:05,0.0000
11/16/2022 14:39:06,0.0000
11/16/2022 14:39:07,1.4119
11/16/2022 14:39:08,1.4119
11/16/2022 14:39:09,1.4119
11/16/2022 14:39:10,1.4119
11/16/2022 14:39:11,1.4119
11/16/2022 14:39:12,1.4188
11/16/2022 14:39:13,1.4188
11/16/2022 14:39:14,1.4188
11/16/2022 14:39:15,1.4188
11/16/2022 14:39:16,1.4188
11/16/2022 14:39:17,1.4111
11/16/2022 14:39:18,1.4111
11/16/2022 14:39:19,1.4111
11/16/2022 14:39:20,1.4111
11/16/2022 14:39:21,1.4111
11/16/2022 14:39:22,1.4082
11/16/2022 14:39:23,1.4082
11/16/2022 14:39:24,1.4082
11/16/2022 14:39:25,1.4082
11/16/2022 14:39:26,1.4082
11/16/2022 14:39:27,1.4072
11/16/2022 14:39:28,1.4072
11/16/2022 14:39:29,1.4072
11/16/2022 14:39:30,1.4072
11/16/2022 14:39:31,1.4072
11/16/2022 14:39:32,1.4094
11/16/2022 14:39:33,1.4094
11/16/2022 14:39:34,1.4094
11/16/2022 14:39:35,1.4094
11/16/2022 14:39:36,1.4094
11/16/2022 14:39:37,1.4110
11/16/2022 14:39:38,1.4110
11/16/2022 14:39:39,1.4110
11/16/2022 14:39:40,1.4110
11/16/2022 14:39:41,1.4110
11/16/2022 14:39:42,1.4109
11/16/2022 14:39:43,1.4109
11/16/2022 14:39:44,1.4109
11/16/2022 14:39:45,1.4109
11/16/2022 14:39:46,1.4109
11/16/2022 14:39:47,1.4085
11/16/2022 14:39:48,1.4085
11/16/2022 14:39:49,1.4085
11/16/2022 14:39:50,1.4085
11/16/2022 14:39:51,1.4085
11/16/2022 14:39:52,1.4083
11/16/2022 14:39:53,1.4083
11/16/2022 14:39:54,1.4083
11/16/2022 14:39:55,1.4083
11/16/2022 14:39:56,1.4083
11/16/2022 14:39:57,1.4079
11/16/2022 14:39:58,1.4079
11/16/2022 14:39:59,1.4079
11/16/2022 14:40:00,1.4079
11/16/2022 14:40:01,1.4079
11/16/2022 14:40:02,1.3975
11/16/2022 14:40:03,1.3975
11/16/2022 14:40:04,1.3975
11/16/2022 14:40:05,1.3975
11/16/2022 14:40:06,1.3975
11/16/2022 14:40:07,1.3936
11/16/2022 14:40:08,1.3936
11/16/2022 14:40:09,1.3936
11/16/2022 14:40:10,1.3936
11/16/2022 14:40:11,1.3936
11/16/2022 14:40:12,1.3927
11/16/2022 14:40:13,1.3927
11/16/2022 14:40:14,1.3927
11/16/2022 14:40:15,1.3927
11/16/2022 14:40:16,1.3927
11/16/2022 14:40:17,1.3934
11/16/2022 14:40:18,1.3934
11/16/2022 14:40:19,1.3934
11/16/2022 14:40:20,1.3934
11/16/2022 14:40:21,1.3934
11/16/2022 14:40:22,1.3896
11/16/2022 14:40:23,1.3896
11/16/2022 14:40:24,1.3896
11/16/2022 14:40:25,1.3896
11/16/2022 14:40:26,1.3896
11/16/2022 14:40:27,1.3807
11/16/2022 14:40:28,1.3807
11/16/2022 14:40:29,1.3807
11/16/2022 14:40:30,1.3807
11/16/2022 14:40:31,1.3807
11/16/2022 14:40:32,1.3766
11/16/2022 14:40:33,1.3766
11/16/2022 14:40:34,1.3766
11/16/2022 14:40:35,1.3766
11/16/2022 14:40:36,1.3766
11/16/2022 14:40:37,1.3821
11/16/2022 14:40:38,1.3821
11/16/2022 14:40:39,1.3821
11/16/2022 14:40:40,1.3821
11/16/2022 14:40:41,1.3821
11/16/2022 14:40:42,1.3838
11/16/2022 14:40:43,1.3838
11/16/2022 14:40:44,1.3838
11/16/2022 14:40:45,1.3838
11/16/2022 14:40:46,1.3838
11/16/2022 14:40:47,1.3802
11/16/2022 14:40:48,1.3802
11/16/2022 14:40:49,1.3802
11/16/2022 14:40:50,1.3802
11/16/2022 14:40:51,1.3802
11/16/2022 14:40:52,1.3960
11/16/2022 14:40:53,1.3960
11/16/2022 14:40:54,1.3960
11/16/2022 14:40:55,1.3960
11/16/2022 14:40:56,1.3960
11/16/2022 14:40:57,1.3906
11/16/2022 14:40:58,1.3906
11/16/2022 14:40:59,1.3906
11/16/2022 14:41:00,1.3906
11/16/2022 14:41:01,1.3906
11/16/2022 14:41:02,1.3968
11/16/2022 14:41:03,1.3968
11/16/2022 14:41:04,1.3968
11/16/2022 14:41:05,1.3968
11/16/2022 14:41:06,1.3968
11/16/2022 14:41:07,1.4054
11/16/2022 14:41:08,1.4054
11/16/2022 14:41:09,1.4054
11/16/2022 14:41:10,1.4054
11/16/2022 14:41:11,1.4054
11/16/2022 14:41:12,1.4098
11/16/2022 14:41:13,1.4098
11/16/2022 14:41:14,1.4098
11/16/2022 14:41:15,1.4098
11/16/2022 14:41:16,1.4098
11/16/2022 14:41:17,1.4149
11/16/2022 14:41:18,1.4149
11/16/2022 14:41:19,1.4149
11/16/2022 14:41:20,1.4149
11/16/2022 14:41:21,1.4149
11/16/2022 14:41:22,1.4111
11/16/2022 14:41:23,1.4111
11/16/2022 14:41:24,1.4111
11/16/2022 14:41:25,1.4111
11/16/2022 14:41:26,1.4111
11/16/2022 14:41:27,1.4055
11/16/2022 14:41:28,1.4055
11/16/2022 14:41:29,1.4055
11/16/2022 14:41:30,1.4055
11/16/2022 14:41:31,1.4055
11/16/2022 14:41:32,1.4100
11/16/2022 14:41:33,1.4100
11/16/2022 14:41:34,1.4100
11/16/2022 14:41:35,1.4100
11/16/2022 14:41:36,1.4100
11/16/2022 14:41:37,1.4150
11/16/2022 14:41:38,1.4150
11/16/2022 14:41:39,1.4150
11/16/2022 14:41:40,1.4150
11/16/2022 14:41:41,1.4150
11/16/2022 14:41:42,1.4154
11/16/2022 14:41:43,1.4154
11/16/2022 14:41:44,1.4154
11/16/2022 14:41:45,1.4154
11/16/2022 14:41:46,1.4154
11/16/2022 14:41:47,1.4142
11/16/2022 14:41:48,1.4142
11/16/2022 14:41:49,1.4142
11/16/2022 14:41:50,1.4142
11/16/2022 14:41:51,1.4142
11/16/2022 14:41:52,1.4136
11/16/2022 14:41:53,1.4136
11/16/2022 14:41:54,1.4136
11/16/2022 14:41:55,1.4136
11/16/2022 14:41:56,1.4136
11/16/2022 14:41:57,1.4151
11/16/2022 14:41:58,1.4151
11/16/2022 14:41:59,1.4151
11/16/2022 14:42:00,1.4151
11/16/2022 14:42:01,1.4151
11/16/2022 14:42:02,1.4151
11/16/2022 14:42:03,1.4151
11/16/2022 14:42:04,1.4151
11/16/2022 14:42:05,1.4151
11/16/2022 14:42:06,1.4151
11/16/2022 14:42:07,1.4142
11/16/2022 14:42:08,1.4142
11/16/2022 14:42:09,1.4142
11/16/2022 14:42:10,1.4142
11/16/2022 14:42:11,1.4142
11/16/2022 14:42:12,1.4144
11/16/2022 14:42:13,1.4144
11/16/2022 14:42:14,1.4144
11/16/2022 14:42:15,1.4144
11/16/2022 14:42:16,1.4144
11/16/2022 14:42:17,1.4133
11/16/2022 14:42:18,1.4133
11/16/2022 14:42:19,1.4133
11/16/2022 14:42:20,1.4133
11/16/2022 14:42:21,1.4133
11/16/2022 14:42:22,1.4145
11/16/2022 14:42:23,1.4145
11/16/2022 14:42:24,1.4145
11/16/2022 14:42:25,1.4145
11/16/2022 14:42:26,1.4145
11/16/2022 14:42:27,1.4146
11/16/2022 14:42:28,1.4146
11/16/2022 14:42:29,1.4146
11/16/2022 14:42:30,1.4146
11/16/2022 14:42:31,1.4146
11/16/2022 14:42:32,1.4154
11/16/2022 14:42:33,1.4154
11/16/2022 14:42:34,1.4154
11/16/2022 14:42:35,1.4154
11/16/2022 14:42:36,1.4154
11/16/2022 14:42:37,1.4149
11/16/2022 14:42:38,1.4149
11/16/2022 14:42:39,1.4149
11/16/2022 14:42:40,1.4149
11/16/2022 14:42:41,1.4149
11/16/2022 14:42:42,1.4165
11/16/2022 14:42:43,1.4165
11/16/2022 14:42:44,1.4165
11/16/2022 14:42:45,1.4165
11/16/2022 14:42:46,1.4165
11/16/2022 14:42:47,1.4158
11/16/2022 14:42:48,1.4158
11/16/2022 14:42:49,1.4158
11/16/2022 14:42:50,1.4158
11/16/2022 14:42:51,1.4158
11/16/2022 14:42:52,1.4147
11/16/2022 14:42:53,1.4147
11/16/2022 14:42:54,1.4147
11/16/2022 14:42:55,1.4147
11/16/2022 14:42:56,1.4147
11/16/2022 14:42:57,1.4180
11/16/2022 14:42:58,1.4180
11/16/2022 14:42:59,1.4180
11/16/2022 14:43:00,1.4180
11/16/2022 14:43:01,1.4180
11/16/2022 14:43:02,1.4163
11/16/2022 14:43:03,1.4163
11/16/2022 14:43:04,1.4163
11/16/2022 14:43:05,1.4163
11/16/2022 14:43:06,1.4163
11/16/2022 14:43:07,1.4083
11/16/2022 14:43:08,1.4083
11/16/2022 14:43:09,1.4083
11/16/2022 14:43:10,1.4083
11/16/2022 14:43:11,1.4083
11/16/2022 14:43:12,1.4138
11/16/2022 14:43:13,1.4138
11/16/2022 14:43:14,1.4138
11/16/2022 14:43:15,1.4138
11/16/2022 14:43:16,1.4138
11/16/2022 14:43:17,1.4140
11/16/2022 14:43:18,1.4140
11/16/2022 14:43:19,1.4140
11/16/2022 14:43:20,1.4140
11/16/2022 14:43:21,1.4140
11/16/2022 14:43:22,1.4134
11/16/2022 14:43:23,1.4134
11/16/2022 14:43:24,1.4134
11/16/2022 14:43:25,1.4134
11/16/2022 14:43:26,1.4134
11/16/2022 14:43:27,1.4138
11/16/2022 14:43:28,1.4138
11/16/2022 14:43:29,1.4138
11/16/2022 14:43:30,1.4138
11/16/2022 14:43:31,1.4138
11/16/2022 14:43:32,1.4145
11/16/2022 14:43:33,1.4145
11/16/2022 14:43:34,1.4145
11/16/2022 14:43:35,1.4145
11/16/2022 14:43:36,1.4145
11/16/2022 14:43:37,1.3749
11/16/2022 14:43:38,1.3749
11/16/2022 14:43:39,1.3749
11/16/2022 14:43:40,1.3749
11/16/2022 14:43:41,1.3749
11/16/2022 14:43:42,0.0000
11/16/2022 14:43:43,0.0000
11/16/2022 14:43:44,0.0000
11/16/2022 14:43:45,0.0000
11/16/2022 14:43:46,0.0000
11/16/2022 14:43:47,0.0000
11/16/2022 14:43:48,0.0000
11/16/2022 14:43:49,0.0000
11/16/2022 14:43:50,0.0000
11/16/2022 14:43:51,0.0000
11/16/2022 14:43:52,0.0000
11/16/2022 14:43:53,0.0000
11/16/2022 14:43:54,0.0000
11/16/2022 14:43:55,0.0000
11/16/2022 14:43:56,0.0000
11/16/2022 14:43:57,0.0000
11/16/2022 14:43:58,0.0000
11/16/2022 14:43:59,0.0000
11/16/2022 14:44:00,0.0000
11/16/2022 14:44:01,0.0000
11/16/2022 14:44:02,0.0000
11/16/2022 14:44:03,0.0000
11/16/2022 14:44:04,0.0000
11/16/2022 14:44:05,0.0000
11/16/2022 14:44:06,0.0000
11/16/2022 14:44:07,0.0000
11/16/2022 14:44:08,0.0000
11/16/2022 14:44:09,0.0000
11/16/2022 14:44:10,0.0000
11/16/2022 14:44:11,0.0000
11/16/2022 14:44:12,0.0000
11/16/2022 14:44:13,0.0000
11/16/2022 14:44:14,0.0000
11/16/2022 14:44:15,0.0000
11/16/2022 14:44:16,0.0000
11/16/2022 14:44:17,0.0000
11/16/2022 14:44:18,0.0000
11/16/2022 14:44:19,0.0000
11/16/2022 14:44:20,0.0000
11/16/2022 14:44:21,0.0000
11/16/2022 14:44:22,0.0000
11/16/2022 14:44:23,0.0000
11/16/2022 14:44:24,0.0000
11/16/2022 14:44:25,0.0000
11/16/2022 14:44:26,0.0000
11/16/2022 14:44:27,0.0000
11/16/2022 14:44:28,0.0000
11/16/2022 14:44:29,0.0000
11/16/2022 14:44:30,0.0000
11/16/2022 14:44:31,0.0000
11/16/2022 14:44:32,0.0000
11/16/2022 14:44:33,0.0000
11/16/2022 14:44:34,0.0000
11/16/2022 14:44:35,0.0000
11/16/2022 14:44:36,0.0000
11/16/2022 14:44:37,0.0000
11/16/2022 14:44:38,0.0000
11/16/2022 14:44:39,0.0000
11/16/2022 14:44:40,0.0000
11/16/2022 14:44:41,0.0000
11/16/2022 14:44:42,0.0000
11/16/2022 14:44:43,0.0000
11/16/2022 14:44:44,0.0000
11/16/2022 14:44:45,0.0000
11/16/2022 14:44:46,0.0000
11/16/2022 14:44:47,0.0000
11/16/2022 14:44:48,0.0000
11/16/2022 14:44:49,0.0000
11/16/2022 14:44:50,0.0000
11/16/2022 14:44:51,0.0000
11/16/2022 14:44:52,0.0000
11/16/2022 14:44:53,0.0000
11/16/2022 14:44:54,0.0000
11/16/2022 14:44:55,0.0000
11/16/2022 14:44:56,0.0000
11/16/2022 14:44:57,0.0000
11/16/2022 14:44:58,0.0000
11/16/2022 14:44:59,0.0000
11/16/2022 14:45:00,0.0000
11/16/2022 14:45:01,0.0000
11/16/2022 14:45:02,0.0000
11/16/2022 14:45:03,0.0000
11/16/2022 14:45:04,0.0000
11/16/2022 14:45:05,0.0000
11/16/2022 14:45:06,0.0000
11/16/2022 14:45:07,0.0000
11/16/2022 14:45:08,0.0000
11/16/2022 14:45:09,0.0000
11/16/2022 14:45:10,0.0000
11/16/2022 14:45:11,0.0000
11/16/2022 14:45:12,0.0000
11/16/2022 14:45:13,0.0000
11/16/2022 14:45:14,0.0000
11/16/2022 14:45:15,0.0000
11/16/2022 14:45:16,0.0000
11/16/2022 14:45:17,0.0000
11/16/2022 14:45:18,0.0000
11/16/2022 14:45:19,0.0000
11/16/2022 14:45:20,0.0000
11/16/2022 14:45:21,0.0000
11/16/2022 14:45:22,0.0000
11/16/2022 14:45:23,0.0000
11/16/2022 14:45:24,0.0000
11/16/2022 14:45:25,0.0000
11/16/2022 14:45:26,0.0000
11/16/2022 14:45:27,0.0000
11/16/2022 14:45:28,0.0000
11/16/2022 14:45:29,0.0000
11/16/2022 14:45:30,0.0000
11/16/2022 14:45:31,0.0000
11/16/2022 14:45:32,0.0000
11/16/2022 14:45:33,0.0000
11/16/2022 14:45:34,0.0000
11/16/2022 14:45:35,0.0000
11/16/2022 14:45:36,0.0000
11/16/2022 14:45:37,0.0000
11/16/2022 14:45:38,0.0000
11/16/2022 14:45:39,0.0000
11/16/2022 14:45:40,0.0000
11/16/2022 14:45:41,0.0000
11/16/2022 14:45:42,0.0000
11/16/2022 14:45:43,0.0000
11/16/2022 14:45:44,0.0000
11/16/2022 14:45:45,0.0000
11/16/2022 14:45:46,0.0000
11/16/2022 14:45:47,0.0000
11/16/2022 14:45:48,0.0000
11/16/2022 14:45:49,0.0000
11/16/2022 14:45:50,0.0000
11/16/2022 14:45:51,0.0000
11/16/2022 14:45:52,0.0000
11/16/2022 14:45:53,0.0000
11/16/2022 14:45:54,0.0000
11/16/2022 14:45:55,0.0000
11/16/2022 14:45:56,0.0000
11/16/2022 14:45:57,0.0000
11/16/2022 14:45:58,0.0000
11/16/2022 14:45:59,0.0000
11/16/2022 14:46:00,0.0000
11/16/2022 14:46:01,0.0000
11/16/2022 14:46:02,0.0000
11/16/2022 14:46:03,0.0000
11/16/2022 14:46:04,0.0000
11/16/2022 14:46:05,0.0000
11/16/2022 14:46:06,0.0000
11/16/2022 14:46:07,0.0000
11/16/2022 14:46:08,0.0000
11/16/2022 14:46:09,0.0000
11/16/2022 14:46:10,0.0000
11/16/2022 14:46:11,0.0000
11/16/2022 14:46:12,0.0000
11/16/2022 14:46:13,0.0000
11/16/2022 14:46:14,0.0000
11/16/2022 14:46:15,0.0000
11/16/2022 14:46:16,0.0000
11/16/2022 14:46:17,0.0000
11/16/2022 14:46:18,0.0000
11/16/2022 14:46:19,0.0000
11/16/2022 14:46:20,0.0000
11/16/2022 14:46:21,0.0000
11/16/2022 14:46:22,1.4153
11/16/2022 14:46:23,1.4153
11/16/2022 14:46:24,1.4153
11/16/2022 14:46:25,1.4153
11/16/2022 14:46:26,1.4153
11/16/2022 14:46:27,1.4393
11/16/2022 14:46:28,1.4393
11/16/2022 14:46:29,1.4393
11/16/2022 14:46:30,1.4393
11/16/2022 14:46:31,1.4393
11/16/2022 14:46:32,1.4346
11/16/2022 14:46:33,1.4346
11/16/2022 14:46:34,1.4346
11/16/2022 14:46:35,1.4346
11/16/2022 14:46:36,1.4346
11/16/2022 14:46:37,1.4328
11/16/2022 14:46:38,1.4328
11/16/2022 14:46:39,1.4328
11/16/2022 14:46:40,1.4328
11/16/2022 14:46:41,1.4328
11/16/2022 14:46:42,1.4320
11/16/2022 14:46:43,1.4320
11/16/2022 14:46:44,1.4320
11/16/2022 14:46:45,1.4320
11/16/2022 14:46:46,1.4320
11/16/2022 14:46:47,1.4264
11/16/2022 14:46:48,1.4264
11/16/2022 14:46:49,1.4264
11/16/2022 14:46:50,1.4264
11/16/2022 14:46:51,1.4264
11/16/2022 14:46:52,1.4259
11/16/2022 14:46:53,1.4259
11/16/2022 14:46:54,1.4259
11/16/2022 14:46:55,1.4259
11/16/2022 14:46:56,1.4259
11/16/2022 14:46:57,1.4281
11/16/2022 14:46:58,1.4281
11/16/2022 14:46:59,1.4281
11/16/2022 14:47:00,1.4281
11/16/2022 14:47:01,1.4281
11/16/2022 14:47:02,1.4293
11/16/2022 14:47:03,1.4293
11/16/2022 14:47:04,1.4293
11/16/2022 14:47:05,1.4293
11/16/2022 14:47:06,1.4293
11/16/2022 14:47:07,1.4277
11/16/2022 14:47:08,1.4277
11/16/2022 14:47:09,1.4277
11/16/2022 14:47:10,1.4277
11/16/2022 14:47:11,1.4277
11/16/2022 14:47:12,1.4268
11/16/2022 14:47:13,1.4268
11/16/2022 14:47:14,1.4268
11/16/2022 14:47:15,1.4268
11/16/2022 14:47:16,1.4268
11/16/2022 14:47:17,1.4258
11/16/2022 14:47:18,1.4258
11/16/2022 14:47:19,1.4258
11/16/2022 14:47:20,1.4258
11/16/2022 14:47:21,1.4258
11/16/2022 14:47:22,1.4244
11/16/2022 14:47:23,1.4244
11/16/2022 14:47:24,1.4244
11/16/2022 14:47:25,1.4244
11/16/2022 14:47:26,1.4244
11/16/2022 14:47:27,1.4254
11/16/2022 14:47:28,1.4254
11/16/2022 14:47:29,1.4254
11/16/2022 14:47:30,1.4254
11/16/2022 14:47:31,1.4254
11/16/2022 14:47:32,1.4270
11/16/2022 14:47:33,1.4270
11/16/2022 14:47:34,1.4270
11/16/2022 14:47:35,1.4270
11/16/2022 14:47:36,1.4270
11/16/2022 14:47:37,1.4264
11/16/2022 14:47:38,1.4264
11/16/2022 14:47:39,1.4264
11/16/2022 14:47:40,1.4264
11/16/2022 14:47:41,1.4264
11/16/2022 14:47:42,1.4265
11/16/2022 14:47:43,1.4265
11/16/2022 14:47:44,1.4265
11/16/2022 14:47:45,1.4265
11/16/2022 14:47:46,1.4265
11/16/2022 14:47:47,1.4243
11/16/2022 14:47:48,1.4243
11/16/2022 14:47:49,1.4243
11/16/2022 14:47:50,1.4243
11/16/2022 14:47:51,1.4243
11/16/2022 14:47:52,1.4192
11/16/2022 14:47:53,1.4192
11/16/2022 14:47:54,1.4192
11/16/2022 14:47:55,1.4192
11/16/2022 14:47:56,1.4192
11/16/2022 14:47:57,1.4197
11/16/2022 14:47:58,1.4197
11/16/2022 14:47:59,1.4197
11/16/2022 14:48:00,1.4197
11/16/2022 14:48:01,1.4197
11/16/2022 14:48:02,1.4206
11/16/2022 14:48:03,1.4206
11/16/2022 14:48:04,1.4206
11/16/2022 14:48:05,1.4206
11/16/2022 14:48:06,1.4206
11/16/2022 14:48:07,1.4258
11/16/2022 14:48:08,1.4258
11/16/2022 14:48:09,1.4258
11/16/2022 14:48:10,1.4258
11/16/2022 14:48:11,1.4258
11/16/2022 14:48:12,1.4309
11/16/2022 14:48:13,1.4309
11/16/2022 14:48:14,1.4309
11/16/2022 14:48:15,1.4309
11/16/2022 14:48:16,1.4309
11/16/2022 14:48:17,1.4308
11/16/2022 14:48:18,1.4308
11/16/2022 14:48:19,1.4308
11/16/2022 14:48:20,1.4308
11/16/2022 14:48:21,1.4308
11/16/2022 14:48:22,1.4299
11/16/2022 14:48:23,1.4299
11/16/2022 14:48:24,1.4299
11/16/2022 14:48:25,1.4299
11/16/2022 14:48:26,1.4299
11/16/2022 14:48:27,1.4291
11/16/2022 14:48:28,1.4291
11/16/2022 14:48:29,1.4291
11/16/2022 14:48:30,1.4291
11/16/2022 14:48:31,1.4291
11/16/2022 14:48:32,1.4276
11/16/2022 14:48:33,1.4276
11/16/2022 14:48:34,1.4276
11/16/2022 14:48:35,1.4276
11/16/2022 14:48:36,1.4276
11/16/2022 14:48:37,1.4293
11/16/2022 14:48:38,1.4293
11/16/2022 14:48:39,1.4293
11/16/2022 14:48:40,1.4293
11/16/2022 14:48:41,1.4293
11/16/2022 14:48:42,1.4289
11/16/2022 14:48:43,1.4289
11/16/2022 14:48:44,1.4289
11/16/2022 14:48:45,1.4289
11/16/2022 14:48:46,1.4289
11/16/2022 14:48:47,1.4309
11/16/2022 14:48:48,1.4309
11/16/2022 14:48:49,1.4309
11/16/2022 14:48:50,1.4309
11/16/2022 14:48:51,1.4309
11/16/2022 14:48:52,1.4307
11/16/2022 14:48:53,1.4307
11/16/2022 14:48:54,1.4307
11/16/2022 14:48:55,1.4307
11/16/2022 14:48:56,1.4307
11/16/2022 14:48:57,1.4305
11/16/2022 14:48:58,1.4305
11/16/2022 14:48:59,1.4305
11/16/2022 14:49:00,1.4305
11/16/2022 14:49:01,1.4305
11/16/2022 14:49:02,1.4299
11/16/2022 14:49:03,1.4299
11/16/2022 14:49:04,1.4299
11/16/2022 14:49:05,1.4299
11/16/2022 14:49:06,1.4299
11/16/2022 14:49:07,1.4301
11/16/2022 14:49:08,1.4301
11/16/2022 14:49:09,1.4301
11/16/2022 14:49:10,1.4301
11/16/2022 14:49:11,1.4301
11/16/2022 14:49:12,1.4297
11/16/2022 14:49:13,1.4297
11/16/2022 14:49:14,1.4297
11/16/2022 14:49:15,1.4297
11/16/2022 14:49:16,1.4297
11/16/2022 14:49:17,1.4311
11/16/2022 14:49:18,1.4311
11/16/2022 14:49:19,1.4311
11/16/2022 14:49:20,1.4311
11/16/2022 14:49:21,1.4311
11/16/2022 14:49:22,1.4309
11/16/2022 14:49:23,1.4309
11/16/2022 14:49:24,1.4309
11/16/2022 14:49:25,1.4309
11/16/2022 14:49:26,1.4309
11/16/2022 14:49:27,1.4284
11/16/2022 14:49:28,1.4284
11/16/2022 14:49:29,1.4284
11/16/2022 14:49:30,1.4284
11/16/2022 14:49:31,1.4284
11/16/2022 14:49:32,1.4287
11/16/2022 14:49:33,1.4287
11/16/2022 14:49:34,1.4287
11/16/2022 14:49:35,1.4287
11/16/2022 14:49:36,1.4287
11/16/2022 14:49:37,1.4298
11/16/2022 14:49:38,1.4298
11/16/2022 14:49:39,1.4298
11/16/2022 14:49:40,1.4298
11/16/2022 14:49:41,1.4298
11/16/2022 14:49:42,1.4325
11/16/2022 14:49:43,1.4325
11/16/2022 14:49:44,1.4325
11/16/2022 14:49:45,1.4325
11/16/2022 14:49:46,1.4325
11/16/2022 14:49:47,1.4308
11/16/2022 14:49:48,1.4308
11/16/2022 14:49:49,1.4308
11/16/2022 14:49:50,1.4308
11/16/2022 14:49:51,1.4308
11/16/2022 14:49:52,1.4284
11/16/2022 14:49:53,1.4284
11/16/2022 14:49:54,1.4284
11/16/2022 14:49:55,1.4284
11/16/2022 14:49:56,1.4284
11/16/2022 14:49:57,1.4273
11/16/2022 14:49:58,1.4273
11/16/2022 14:49:59,1.4273
11/16/2022 14:50:00,1.4273
11/16/2022 14:50:01,1.4273
11/16/2022 14:50:02,1.4273
11/16/2022 14:50:03,1.4273
11/16/2022 14:50:04,1.4273
11/16/2022 14:50:05,1.4273
11/16/2022 14:50:06,1.4273
11/16/2022 14:50:07,1.4290
11/16/2022 14:50:08,1.4290
11/16/2022 14:50:09,1.4290
11/16/2022 14:50:10,1.4290
11/16/2022 14:50:11,1.4290
11/16/2022 14:50:12,1.4303
11/16/2022 14:50:13,1.4303
11/16/2022 14:50:14,1.4303
11/16/2022 14:50:15,1.4303
11/16/2022 14:50:16,1.4303
11/16/2022 14:50:17,1.4324
11/16/2022 14:50:18,1.4324
11/16/2022 14:50:19,1.4324
11/16/2022 14:50:20,1.4324
11/16/2022 14:50:21,1.4324
11/16/2022 14:50:22,1.4342
11/16/2022 14:50:23,1.4342
11/16/2022 14:50:24,1.4342
11/16/2022 14:50:25,1.4342
11/16/2022 14:50:26,1.4342
11/16/2022 14:50:27,1.4326
11/16/2022 14:50:28,1.4326
11/16/2022 14:50:29,1.4326
11/16/2022 14:50:30,1.4326
11/16/2022 14:50:31,1.4326
11/16/2022 14:50:32,1.4297
11/16/2022 14:50:33,1.4297
11/16/2022 14:50:34,1.4297
11/16/2022 14:50:35,1.4297
11/16/2022 14:50:36,1.4297
11/16/2022 14:50:37,1.4308
11/16/2022 14:50:38,1.4308
11/16/2022 14:50:39,1.4308
11/16/2022 14:50:40,1.4308
11/16/2022 14:50:41,1.4308
11/16/2022 14:50:42,1.4316
11/16/2022 14:50:43,1.4316
11/16/2022 14:50:44,1.4316
11/16/2022 14:50:45,1.4316
11/16/2022 14:50:46,1.4316
11/16/2022 14:50:47,1.4333
11/16/2022 14:50:48,1.4333
11/16/2022 14:50:49,1.4333
11/16/2022 14:50:50,1.4333
11/16/2022 14:50:51,1.4333
11/16/2022 14:50:52,1.0566
11/16/2022 14:50:53,1.0566
11/16/2022 14:50:54,1.0566
11/16/2022 14:50:55,1.0566
11/16/2022 14:50:56,1.0566
11/16/2022 14:50:57,0.0000
11/16/2022 14:50:58,0.0000
11/16/2022 14:50:59,0.0000
11/16/2022 14:51:00,0.0000
11/16/2022 14:51:01,0.0000
11/16/2022 14:51:02,0.0000
11/16/2022 14:51:03,0.0000
11/16/2022 14:51:04,0.0000
11/16/2022 14:51:05,0.0000
11/16/2022 14:51:06,0.0000
11/16/2022 14:51:07,0.0000
11/16/2022 14:51:08,0.0000
11/16/2022 14:51:09,0.0000
11/16/2022 14:51:10,0.0000
11/16/2022 14:51:11,0.0000
11/16/2022 14:51:12,0.0000
11/16/2022 14:51:13,0.0000
11/16/2022 14:51:14,0.0000
11/16/2022 14:51:15,0.0000
11/16/2022 14:51:16,0.0000
11/16/2022 14:51:17,0.0000
11/16/2022 14:51:18,0.0000
11/16/2022 14:51:19,0.0000
11/16/2022 14:51:20,0.0000
11/16/2022 14:51:21,0.0000
11/16/2022 14:51:22,0.0000
11/16/2022 14:51:23,0.0000
11/16/2022 14:51:24,0.0000
11/16/2022 14:51:25,0.0000
11/16/2022 14:51:26,0.0000
11/16/2022 14:51:27,0.0000
11/16/2022 14:51:28,0.0000
11/16/2022 14:51:29,0.0000
11/16/2022 14:51:30,0.0000
11/16/2022 14:51:31,0.0000
11/16/2022 14:51:32,0.0000
11/16/2022 14:51:33,0.0000
11/16/2022 14:51:34,0.0000
11/16/2022 14:51:35,0.0000
11/16/2022 14:51:36,0.0000
11/16/2022 14:51:37,0.0000
11/16/2022 14:51:38,0.0000
11/16/2022 14:51:39,0.0000
11/16/2022 14:51:40,0.0000
11/16/2022 14:51:41,0.0000
11/16/2022 14:51:42,0.0000
11/16/2022 14:51:43,0.0000
11/16/2022 14:51:44,0.0000
11/16/2022 14:51:45,0.0000
11/16/2022 14:51:46,0.0000
11/16/2022 14:51:47,0.0000
11/16/2022 14:51:48,0.0000
11/16/2022 14:51:49,0.0000
11/16/2022 14:51:50,0.0000
11/16/2022 14:51:51,0.0000
11/16/2022 14:51:52,0.0000
11/16/2022 14:51:53,0.0000
11/16/2022 14:51:54,0.0000
11/16/2022 14:51:55,0.0000
11/16/2022 14:51:56,0.0000
11/16/2022 14:51:57,0.0000
11/16/2022 14:51:58,0.0000
11/16/2022 14:51:59,0.0000
11/16/2022 14:52:00,0.0000
11/16/2022 14:52:01,0.0000
11/16/2022 14:52:02,0.0000
11/16/2022 14:52:03,0.0000
11/16/2022 14:52:04,0.0000
11/16/2022 14:52:05,0.0000
11/16/2022 14:52:06,0.0000
11/16/2022 14:52:07,0.0000
11/16/2022 14:52:08,0.0000
11/16/2022 14:52:09,0.0000
11/16/2022 14:52:10,0.0000
11/16/2022 14:52:11,0.0000
11/16/2022 14:52:12,0.0000
11/16/2022 14:52:13,0.0000
11/16/2022 14:52:14,0.0000
11/16/2022 14:52:15,0.0000
11/16/2022 14:52:16,0.0000
11/16/2022 14:52:17,0.0000
11/16/2022 14:52:18,0.0000
11/16/2022 14:52:19,0.0000
11/16/2022 14:52:20,0.0000
11/16/2022 14:52:21,0.0000
11/16/2022 14:52:22,0.0000
11/16/2022 14:52:23,0.0000
11/16/2022 14:52:24,0.0000
11/16/2022 14:52:25,0.0000
11/16/2022 14:52:26,0.0000
11/16/2022 14:52:27,0.0000
11/16/2022 14:52:28,0.0000
11/16/2022 14:52:29,0.0000
11/16/2022 14:52:30,0.0000
11/16/2022 14:52:31,0.0000
11/16/2022 14:52:32,0.0000
11/16/2022 14:52:33,0.0000
11/16/2022 14:52:34,0.0000
11/16/2022 14:52:35,0.0000
11/16/2022 14:52:36,0.0000
11/16/2022 14:52:37,0.0000
11/16/2022 14:52:38,0.0000
11/16/2022 14:52:39,0.0000
11/16/2022 14:52:40,0.0000
11/16/2022 14:52:41,0.0000
11/16/2022 14:52:42,0.0000
11/16/2022 14:52:43,0.0000
11/16/2022 14:52:44,0.0000
11/16/2022 14:52:45,0.0000
11/16/2022 14:52:46,0.0000
11/16/2022 14:52:47,0.0000
11/16/2022 14:52:48,0.0000
11/16/2022 14:52:49,0.0000
11/16/2022 14:52:50,0.0000
11/16/2022 14:52:51,0.0000
11/16/2022 14:52:52,0.0000
11/16/2022 14:52:53,0.0000
11/16/2022 14:52:54,0.0000
11/16/2022 14:52:55,0.0000
11/16/2022 14:52:56,0.0000
11/16/2022 14:52:57,0.0000
11/16/2022 14:52:58,0.0000
11/16/2022 14:52:59,0.0000
11/16/2022 14:53:00,0.0000
11/16/2022 14:53:01,0.0000
11/16/2022 14:53:02,0.0000
11/16/2022 14:53:03,0.0000
11/16/2022 14:53:04,0.0000
11/16/2022 14:53:05,0.0000
11/16/2022 14:53:06,0.0000
11/16/2022 14:53:07,0.0000
11/16/2022 14:53:08,0.0000
11/16/2022 14:53:09,0.0000
11/16/2022 14:53:10,0.0000
11/16/2022 14:53:11,0.0000
11/16/2022 14:53:12,0.0000
11/16/2022 14:53:13,0.0000
11/16/2022 14:53:14,0.0000
11/16/2022 14:53:15,0.0000
11/16/2022 14:53:16,0.0000
11/16/2022 14:53:17,0.0000
11/16/2022 14:53:18,0.0000
11/16/2022 14:53:19,0.0000
11/16/2022 14:53:20,0.0000
11/16/2022 14:53:21,0.0000
11/16/2022 14:53:22,0.0000
11/16/2022 14:53:23,0.0000
11/16/2022 14:53:24,0.0000
11/16/2022 14:53:25,0.0000
11/16/2022 14:53:26,0.0000
11/16/2022 14:53:27,0.0000
11/16/2022 14:53:28,0.0000
11/16/2022 14:53:29,0.0000
11/16/2022 14:53:30,0.0000
11/16/2022 14:53:31,0.0000
11/16/2022 14:53:32,0.0000
11/16/2022 14:53:33,0.0000
11/16/2022 14:53:34,0.0000
11/16/2022 14:53:35,0.0000
11/16/2022 14:53:36,0.0000
11/16/2022 14:53:37,0.0000
11/16/2022 14:53:38,0.0000
11/16/2022 14:53:39,0.0000
11/16/2022 14:53:40,0.0000
11/16/2022 14:53:41,0.0000
11/16/2022 14:53:42,0.0000
11/16/2022 14:53:43,0.0000
11/16/2022 14:53:44,0.0000
11/16/2022 14:53:45,0.0000
11/16/2022 14:53:46,0.0000
11/16/2022 14:53:47,0.0000
11/16/2022 14:53:48,0.0000
11/16/2022 14:53:49,0.0000
11/16/2022 14:53:50,0.0000
11/16/2022 14:53:51,0.0000
11/16/2022 14:53:52,0.0000
11/16/2022 14:53:53,0.0000
11/16/2022 14:53:54,0.0000
11/16/2022 14:53:55,0.0000
11/16/2022 14:53:56,0.0000
11/16/2022 14:53:57,0.0000
11/16/2022 14:53:58,0.0000
11/16/2022 14:53:59,0.0000
11/16/2022 14:54:00,0.0000
11/16/2022 14:54:01,0.0000
11/16/2022 14:54:02,0.0000
11/16/2022 14:54:03,0.0000
11/16/2022 14:54:04,0.0000
11/16/2022 14:54:05,0.0000
11/16/2022 14:54:06,0.0000
11/16/2022 14:54:07,0.0000
11/16/2022 14:54:08,0.0000
11/16/2022 14:54:09,0.0000
11/16/2022 14:54:10,0.0000
11/16/2022 14:54:11,0.0000
11/16/2022 14:54:12,0.0000
11/16/2022 14:54:13,0.0000
11/16/2022 14:54:14,0.0000
11/16/2022 14:54:15,0.0000
11/16/2022 14:54:16,0.0000
11/16/2022 14:54:17,0.0000
11/16/2022 14:54:18,0.0000
11/16/2022 14:54:19,0.0000
11/16/2022 14:54:20,0.0000
11/16/2022 14:54:21,0.0000
11/16/2022 14:54:22,1.4292
11/16/2022 14:54:23,1.4292
11/16/2022 14:54:24,1.4292
11/16/2022 14:54:25,1.4292
11/16/2022 14:54:26,1.4292
11/16/2022 14:54:27,1.4334
11/16/2022 14:54:28,1.4334
11/16/2022 14:54:29,1.4334
11/16/2022 14:54:30,1.4334
11/16/2022 14:54:31,1.4334
11/16/2022 14:54:32,1.4297
11/16/2022 14:54:33,1.4297
11/16/2022 14:54:34,1.4297
11/16/2022 14:54:35,1.4297
11/16/2022 14:54:36,1.4297
11/16/2022 14:54:37,1.4261
11/16/2022 14:54:38,1.4261
11/16/2022 14:54:39,1.4261
11/16/2022 14:54:40,1.4261
11/16/2022 14:54:41,1.4261
11/16/2022 14:54:42,1.4253
11/16/2022 14:54:43,1.4253
11/16/2022 14:54:44,1.4253
11/16/2022 14:54:45,1.4253
11/16/2022 14:54:46,1.4253
11/16/2022 14:54:47,1.4228
11/16/2022 14:54:48,1.4228
11/16/2022 14:54:49,1.4228
11/16/2022 14:54:50,1.4228
11/16/2022 14:54:51,1.4228
11/16/2022 14:54:52,1.4216
11/16/2022 14:54:53,1.4216
11/16/2022 14:54:54,1.4216
11/16/2022 14:54:55,1.4216
11/16/2022 14:54:56,1.4216
11/16/2022 14:54:57,1.4222
11/16/2022 14:54:58,1.4222
11/16/2022 14:54:59,1.4222
11/16/2022 14:55:00,1.4222
11/16/2022 14:55:01,1.4222
11/16/2022 14:55:02,1.4224
11/16/2022 14:55:03,1.4224
11/16/2022 14:55:04,1.4224
11/16/2022 14:55:05,1.4224
11/16/2022 14:55:06,1.4224
11/16/2022 14:55:07,1.4214
11/16/2022 14:55:08,1.4214
11/16/2022 14:55:09,1.4214
11/16/2022 14:55:10,1.4214
11/16/2022 14:55:11,1.4214
11/16/2022 14:55:12,1.4216
11/16/2022 14:55:13,1.4216
11/16/2022 14:55:14,1.4216
11/16/2022 14:55:15,1.4216
11/16/2022 14:55:16,1.4216
11/16/2022 14:55:17,1.4220
11/16/2022 14:55:18,1.4220
11/16/2022 14:55:19,1.4220
11/16/2022 14:55:20,1.4220
11/16/2022 14:55:21,1.4220
11/16/2022 14:55:22,1.4137
11/16/2022 14:55:23,1.4137
11/16/2022 14:55:24,1.4137
11/16/2022 14:55:25,1.4137
11/16/2022 14:55:26,1.4137
11/16/2022 14:55:27,1.4113
11/16/2022 14:55:28,1.4113
11/16/2022 14:55:29,1.4113
11/16/2022 14:55:30,1.4113
11/16/2022 14:55:31,1.4113
11/16/2022 14:55:32,1.4128
11/16/2022 14:55:33,1.4128
11/16/2022 14:55:34,1.4128
11/16/2022 14:55:35,1.4128
11/16/2022 14:55:36,1.4128
11/16/2022 14:55:37,1.4133
11/16/2022 14:55:38,1.4133
11/16/2022 14:55:39,1.4133
11/16/2022 14:55:40,1.4133
11/16/2022 14:55:41,1.4133
11/16/2022 14:55:42,1.4136
11/16/2022 14:55:43,1.4136
11/16/2022 14:55:44,1.4136
11/16/2022 14:55:45,1.4136
11/16/2022 14:55:46,1.4136
11/16/2022 14:55:47,1.4133
11/16/2022 14:55:48,1.4133
11/16/2022 14:55:49,1.4133
11/16/2022 14:55:50,1.4133
11/16/2022 14:55:51,1.4133
11/16/2022 14:55:52,1.4116
11/16/2022 14:55:53,1.4116
11/16/2022 14:55:54,1.4116
11/16/2022 14:55:55,1.4116
11/16/2022 14:55:56,1.4116
11/16/2022 14:55:57,1.4109
11/16/2022 14:55:58,1.4109
11/16/2022 14:55:59,1.4109
11/16/2022 14:56:00,1.4109
11/16/2022 14:56:01,1.4109
11/16/2022 14:56:02,1.4114
11/16/2022 14:56:03,1.4114
11/16/2022 14:56:04,1.4114
11/16/2022 14:56:05,1.4114
11/16/2022 14:56:06,1.4114
11/16/2022 14:56:07,1.4136
11/16/2022 14:56:08,1.4136
11/16/2022 14:56:09,1.4136
11/16/2022 14:56:10,1.4136
11/16/2022 14:56:11,1.4136
11/16/2022 14:56:12,1.4139
11/16/2022 14:56:13,1.4139
11/16/2022 14:56:14,1.4139
11/16/2022 14:56:15,1.4139
11/16/2022 14:56:16,1.4139
11/16/2022 14:56:17,1.4136
11/16/2022 14:56:18,1.4136
11/16/2022 14:56:19,1.4136
11/16/2022 14:56:20,1.4136
11/16/2022 14:56:21,1.4136
11/16/2022 14:56:22,1.4139
11/16/2022 14:56:23,1.4139
11/16/2022 14:56:24,1.4139
11/16/2022 14:56:25,1.4139
11/16/2022 14:56:26,1.4139
11/16/2022 14:56:27,1.4139
11/16/2022 14:56:28,1.4139
11/16/2022 14:56:29,1.4139
11/16/2022 14:56:30,1.4139
11/16/2022 14:56:31,1.4139
11/16/2022 14:56:32,1.4158
11/16/2022 14:56:33,1.4158
11/16/2022 14:56:34,1.4158
11/16/2022 14:56:35,1.4158
11/16/2022 14:56:36,1.4158
11/16/2022 14:56:37,1.4153
11/16/2022 14:56:38,1.4153
11/16/2022 14:56:39,1.4153
11/16/2022 14:56:40,1.4153
11/16/2022 14:56:41,1.4153
11/16/2022 14:56:42,1.4152
11/16/2022 14:56:43,1.4152
11/16/2022 14:56:44,1.4152
11/16/2022 14:56:45,1.4152
11/16/2022 14:56:46,1.4152
11/16/2022 14:56:47,1.4143
11/16/2022 14:56:48,1.4143
11/16/2022 14:56:49,1.4143
11/16/2022 14:56:50,1.4143
11/16/2022 14:56:51,1.4143
11/16/2022 14:56:52,1.4146
11/16/2022 14:56:53,1.4146
11/16/2022 14:56:54,1.4146
11/16/2022 14:56:55,1.4146
11/16/2022 14:56:56,1.4146
11/16/2022 14:56:57,1.4148
11/16/2022 14:56:58,1.4148
11/16/2022 14:56:59,1.4148
11/16/2022 14:57:00,1.4148
11/16/2022 14:57:01,1.4148
11/16/2022 14:57:02,1.4158
11/16/2022 14:57:03,1.4158
11/16/2022 14:57:04,1.4158
11/16/2022 14:57:05,1.4158
11/16/2022 14:57:06,1.4158
11/16/2022 14:57:07,1.4162
11/16/2022 14:57:08,1.4162
11/16/2022 14:57:09,1.4162
11/16/2022 14:57:10,1.4162
11/16/2022 14:57:11,1.4162
11/16/2022 14:57:12,1.4150
11/16/2022 14:57:13,1.4150
11/16/2022 14:57:14,1.4150
11/16/2022 14:57:15,1.4150
11/16/2022 14:57:16,1.4150
11/16/2022 14:57:17,1.4154
11/16/2022 14:57:18,1.4154
11/16/2022 14:57:19,1.4154
11/16/2022 14:57:20,1.4154
11/16/2022 14:57:21,1.4154
11/16/2022 14:57:22,1.4156
11/16/2022 14:57:23,1.4156
11/16/2022 14:57:24,1.4156
11/16/2022 14:57:25,1.4156
11/16/2022 14:57:26,1.4156
11/16/2022 14:57:27,1.4148
11/16/2022 14:57:28,1.4148
11/16/2022 14:57:29,1.4148
11/16/2022 14:57:30,1.4148
11/16/2022 14:57:31,1.4148
11/16/2022 14:57:32,1.4148
11/16/2022 14:57:33,1.4148
11/16/2022 14:57:34,1.4148
11/16/2022 14:57:35,1.4148
11/16/2022 14:57:36,1.4148
11/16/2022 14:57:37,1.4145
11/16/2022 14:57:38,1.4145
11/16/2022 14:57:39,1.4145
11/16/2022 14:57:40,1.4145
11/16/2022 14:57:41,1.4145
11/16/2022 14:57:42,1.4118
11/16/2022 14:57:43,1.4118
11/16/2022 14:57:44,1.4118
11/16/2022 14:57:45,1.4118
11/16/2022 14:57:46,1.4118
11/16/2022 14:57:47,1.4157
11/16/2022 14:57:48,1.4157
11/16/2022 14:57:49,1.4157
11/16/2022 14:57:50,1.4157
11/16/2022 14:57:51,1.4157
11/16/2022 14:57:52,1.4093
11/16/2022 14:57:53,1.4093
11/16/2022 14:57:54,1.4093
11/16/2022 14:57:55,1.4093
11/16/2022 14:57:56,1.4093
11/16/2022 14:57:57,1.4110
11/16/2022 14:57:58,1.4110
11/16/2022 14:57:59,1.4110
11/16/2022 14:58:00,1.4110
11/16/2022 14:58:01,1.4110
11/16/2022 14:58:02,1.4145
11/16/2022 14:58:03,1.4145
11/16/2022 14:58:04,1.4145
11/16/2022 14:58:05,1.4145
11/16/2022 14:58:06,1.4145
11/16/2022 14:58:07,1.4144
11/16/2022 14:58:08,1.4144
11/16/2022 14:58:09,1.4144
11/16/2022 14:58:10,1.4144
11/16/2022 14:58:11,1.4144
11/16/2022 14:58:12,1.4153
11/16/2022 14:58:13,1.4153
11/16/2022 14:58:14,1.4153
11/16/2022 14:58:15,1.4153
11/16/2022 14:58:16,1.4153
11/16/2022 14:58:17,1.4154
11/16/2022 14:58:18,1.4154
11/16/2022 14:58:19,1.4154
11/16/2022 14:58:20,1.4154
11/16/2022 14:58:21,1.4154
11/16/2022 14:58:22,1.4158
11/16/2022 14:58:23,1.4158
11/16/2022 14:58:24,1.4158
11/16/2022 14:58:25,1.4158
11/16/2022 14:58:26,1.4158
11/16/2022 14:58:27,1.4180
11/16/2022 14:58:28,1.4180
11/16/2022 14:58:29,1.4180
11/16/2022 14:58:30,1.4180
11/16/2022 14:58:31,1.4180
11/16/2022 14:58:32,1.4175
11/16/2022 14:58:33,1.4175
11/16/2022 14:58:34,1.4175
11/16/2022 14:58:35,1.4175
11/16/2022 14:58:36,1.4175
11/16/2022 14:58:37,1.4147
11/16/2022 14:58:38,1.4147
11/16/2022 14:58:39,1.4147
11/16/2022 14:58:40,1.4147
11/16/2022 14:58:41,1.4147
11/16/2022 14:58:42,1.4174
11/16/2022 14:58:43,1.4174
11/16/2022 14:58:44,1.4174
11/16/2022 14:58:45,1.4174
11/16/2022 14:58:46,1.4174
11/16/2022 14:58:47,1.4181
11/16/2022 14:58:48,1.4181
11/16/2022 14:58:49,1.4181
11/16/2022 14:58:50,1.4181
11/16/2022 14:58:51,1.4181
11/16/2022 14:58:52,1.4182
11/16/2022 14:58:53,1.4182
11/16/2022 14:58:54,1.4182
11/16/2022 14:58:55,1.4182
11/16/2022 14:58:56,1.4182
11/16/2022 14:58:57,1.4204
11/16/2022 14:58:58,1.4204
11/16/2022 14:58:59,1.4204
11/16/2022 14:59:00,1.4204
11/16/2022 14:59:01,1.4204
11/16/2022 14:59:02,1.4219
11/16/2022 14:59:03,1.4219
11/16/2022 14:59:04,1.4219
11/16/2022 14:59:05,1.4219
11/16/2022 14:59:06,1.4219
11/16/2022 14:59:07,1.4178
11/16/2022 14:59:08,1.4178
11/16/2022 14:59:09,1.4178
11/16/2022 14:59:10,1.4178
11/16/2022 14:59:11,1.4178
11/16/2022 14:59:12,1.4202
11/16/2022 14:59:13,1.4202
11/16/2022 14:59:14,1.4202
11/16/2022 14:59:15,1.4202
11/16/2022 14:59:16,1.4202
11/16/2022 14:59:17,1.4232
11/16/2022 14:59:18,1.4232
11/16/2022 14:59:19,1.4232
11/16/2022 14:59:20,1.4232
11/16/2022 14:59:21,1.4232
11/16/2022 14:59:22,1.4274
11/16/2022 14:59:23,1.4274
11/16/2022 14:59:24,1.4274
11/16/2022 14:59:25,1.4274
11/16/2022 14:59:26,1.4274
11/16/2022 14:59:27,1.4283
11/16/2022 14:59:28,1.4283
11/16/2022 14:59:29,1.4283
11/16/2022 14:59:30,1.4283
11/16/2022 14:59:31,1.4283
11/16/2022 14:59:32,1.4286
11/16/2022 14:59:33,1.4286
11/16/2022 14:59:34,1.4286
11/16/2022 14:59:35,1.4286
11/16/2022 14:59:36,1.4286
11/16/2022 14:59:37,1.4286
11/16/2022 14:59:38,1.4286
11/16/2022 14:59:39,1.4286
11/16/2022 14:59:40,1.4286
11/16/2022 14:59:41,1.4286
11/16/2022 14:59:42,1.4273
11/16/2022 14:59:43,1.4273
11/16/2022 14:59:44,1.4273
11/16/2022 14:59:45,1.4273
11/16/2022 14:59:46,1.4273
11/16/2022 14:59:47,1.4274
11/16/2022 14:59:48,1.4274
11/16/2022 14:59:49,1.4274
11/16/2022 14:59:50,1.4274
11/16/2022 14:59:51,1.4274
11/16/2022 14:59:52,1.4284
11/16/2022 14:59:53,1.4284
11/16/2022 14:59:54,1.4284
11/16/2022 14:59:55,1.4284
11/16/2022 14:59:56,1.4284
11/16/2022 14:59:57,1.0957
11/16/2022 14:59:58,1.0957
11/16/2022 14:59:59,1.0957
11/16/2022 15:00:00,1.0957
11/16/2022 15:00:01,1.0957
11/16/2022 15:00:02,0.0000
11/16/2022 15:00:03,0.0000
11/16/2022 15:00:04,0.0000
11/16/2022 15:00:05,0.0000
11/16/2022 15:00:06,0.0000
11/16/2022 15:00:07,0.0000
11/16/2022 15:00:08,0.0000
11/16/2022 15:00:09,0.0000
11/16/2022 15:00:10,0.0000
11/16/2022 15:00:11,0.0000
11/16/2022 15:00:12,0.0000
11/16/2022 15:00:13,0.0000
11/16/2022 15:00:14,0.0000
11/16/2022 15:00:15,0.0000
11/16/2022 15:00:16,0.0000
11/16/2022 15:00:17,0.0000
11/16/2022 15:00:18,0.0000
11/16/2022 15:00:19,0.0000
11/16/2022 15:00:20,0.0000
11/16/2022 15:00:21,0.0000
11/16/2022 15:00:22,0.0000
11/16/2022 15:00:23,0.0000
11/16/2022 15:00:24,0.0000
11/16/2022 15:00:25,0.0000
11/16/2022 15:00:26,0.0000
11/16/2022 15:00:27,0.0000
11/16/2022 15:00:28,0.0000
11/16/2022 15:00:29,0.0000
11/16/2022 15:00:30,0.0000
11/16/2022 15:00:31,0.0000
11/16/2022 15:00:32,0.0000
11/16/2022 15:00:33,0.0000
11/16/2022 15:00:34,0.0000
11/16/2022 15:00:35,0.0000
11/16/2022 15:00:36,0.0000
11/16/2022 15:00:37,0.0000
11/16/2022 15:00:38,0.0000
11/16/2022 15:00:39,0.0000
11/16/2022 15:00:40,0.0000
11/16/2022 15:00:41,0.0000
11/16/2022 15:00:42,0.0000
11/16/2022 15:00:43,0.0000
11/16/2022 15:00:44,0.0000
11/16/2022 15:00:45,0.0000
11/16/2022 15:00:46,0.0000
11/16/2022 15:00:47,0.0000
11/16/2022 15:00:48,0.0000
11/16/2022 15:00:49,0.0000
11/16/2022 15:00:50,0.0000
11/16/2022 15:00:51,0.0000
11/16/2022 15:00:52,0.0000
11/16/2022 15:00:53,0.0000
11/16/2022 15:00:54,0.0000
11/16/2022 15:00:55,0.0000
11/16/2022 15:00:56,0.0000
11/16/2022 15:00:57,0.0000
11/16/2022 15:00:58,0.0000
11/16/2022 15:00:59,0.0000
11/16/2022 15:01:00,0.0000
11/16/2022 15:01:01,0.0000
11/16/2022 15:01:02,0.0000
11/16/2022 15:01:03,0.0000
11/16/2022 15:01:04,0.0000
11/16/2022 15:01:05,0.0000
11/16/2022 15:01:06,0.0000
11/16/2022 15:01:07,0.0000
11/16/2022 15:01:08,0.0000
11/16/2022 15:01:09,0.0000
11/16/2022 15:01:10,0.0000
11/16/2022 15:01:11,0.0000
11/16/2022 15:01:12,0.0000
11/16/2022 15:01:13,0.0000
11/16/2022 15:01:14,0.0000
11/16/2022 15:01:15,0.0000
11/16/2022 15:01:16,0.0000
11/16/2022 15:01:17,0.0000
11/16/2022 15:01:18,0.0000
11/16/2022 15:01:19,0.0000
11/16/2022 15:01:20,0.0000
11/16/2022 15:01:21,0.0000
11/16/2022 15:01:22,0.0000
11/16/2022 15:01:23,0.0000
11/16/2022 15:01:24,0.0000
11/16/2022 15:01:25,0.0000
11/16/2022 15:01:26,0.0000
11/16/2022 15:01:27,0.0000
11/16/2022 15:01:28,0.0000
11/16/2022 15:01:29,0.0000
11/16/2022 15:01:30,0.0000
11/16/2022 15:01:31,0.0000
11/16/2022 15:01:32,0.0000
11/16/2022 15:01:33,0.0000
11/16/2022 15:01:34,0.0000
11/16/2022 15:01:35,0.0000
11/16/2022 15:01:36,0.0000
11/16/2022 15:01:37,0.0000
11/16/2022 15:01:38,0.0000
11/16/2022 15:01:39,0.0000
11/16/2022 15:01:40,0.0000
11/16/2022 15:01:41,0.0000
11/16/2022 15:01:42,0.0000
11/16/2022 15:01:43,0.0000
11/16/2022 15:01:44,0.0000
11/16/2022 15:01:45,0.0000
11/16/2022 15:01:46,0.0000
11/16/2022 15:01:47,0.0000
11/16/2022 15:01:48,0.0000
11/16/2022 15:01:49,0.0000
11/16/2022 15:01:50,0.0000
11/16/2022 15:01:51,0.0000
11/16/2022 15:01:52,0.0000
11/16/2022 15:01:53,0.0000
11/16/2022 15:01:54,0.0000
11/16/2022 15:01:55,0.0000
11/16/2022 15:01:56,0.0000
11/16/2022 15:01:57,0.0000
11/16/2022 15:01:58,0.0000
11/16/2022 15:01:59,0.0000
11/16/2022 15:02:00,0.0000
11/16/2022 15:02:01,0.0000
11/16/2022 15:02:02,0.0000
11/16/2022 15:02:03,0.0000
11/16/2022 15:02:04,0.0000
11/16/2022 15:02:05,0.0000
11/16/2022 15:02:06,0.0000
11/16/2022 15:02:07,0.0000
11/16/2022 15:02:08,0.0000
11/16/2022 15:02:09,0.0000
11/16/2022 15:02:10,0.0000
11/16/2022 15:02:11,0.0000
11/16/2022 15:02:12,0.0000
11/16/2022 15:02:13,0.0000
11/16/2022 15:02:14,0.0000
11/16/2022 15:02:15,0.0000
11/16/2022 15:02:16,0.0000
11/16/2022 15:02:17,0.0000
11/16/2022 15:02:18,0.0000
11/16/2022 15:02:19,0.0000
11/16/2022 15:02:20,0.0000
11/16/2022 15:02:21,0.0000
11/16/2022 15:02:22,1.4337
11/16/2022 15:02:23,1.4337
11/16/2022 15:02:24,1.4337
11/16/2022 15:02:25,1.4337
11/16/2022 15:02:26,1.4337
11/16/2022 15:02:27,1.4378
11/16/2022 15:02:28,1.4378
11/16/2022 15:02:29,1.4378
11/16/2022 15:02:30,1.4378
11/16/2022 15:02:31,1.4378
11/16/2022 15:02:32,1.4306
11/16/2022 15:02:33,1.4306
11/16/2022 15:02:34,1.4306
11/16/2022 15:02:35,1.4306
11/16/2022 15:02:36,1.4306
11/16/2022 15:02:37,1.4278
11/16/2022 15:02:38,1.4278
11/16/2022 15:02:39,1.4278
11/16/2022 15:02:40,1.4278
11/16/2022 15:02:41,1.4278
11/16/2022 15:02:42,1.4239
11/16/2022 15:02:43,1.4239
11/16/2022 15:02:44,1.4239
11/16/2022 15:02:45,1.4239
11/16/2022 15:02:46,1.4239
11/16/2022 15:02:47,1.4209
11/16/2022 15:02:48,1.4209
11/16/2022 15:02:49,1.4209
11/16/2022 15:02:50,1.4209
11/16/2022 15:02:51,1.4209
11/16/2022 15:02:52,1.4192
11/16/2022 15:02:53,1.4192
11/16/2022 15:02:54,1.4192
11/16/2022 15:02:55,1.4192
11/16/2022 15:02:56,1.4192
11/16/2022 15:02:57,1.4220
11/16/2022 15:02:58,1.4220
11/16/2022 15:02:59,1.4220
11/16/2022 15:03:00,1.4220
11/16/2022 15:03:01,1.4220
11/16/2022 15:03:02,1.4216
11/16/2022 15:03:03,1.4216
11/16/2022 15:03:04,1.4216
11/16/2022 15:03:05,1.4216
11/16/2022 15:03:06,1.4216
11/16/2022 15:03:07,1.4217
11/16/2022 15:03:08,1.4217
11/16/2022 15:03:09,1.4217
11/16/2022 15:03:10,1.4217
11/16/2022 15:03:11,1.4217
11/16/2022 15:03:12,1.4251
11/16/2022 15:03:13,1.4251
11/16/2022 15:03:14,1.4251
11/16/2022 15:03:15,1.4251
11/16/2022 15:03:16,1.4251
11/16/2022 15:03:17,1.4257
11/16/2022 15:03:18,1.4257
11/16/2022 15:03:19,1.4257
11/16/2022 15:03:20,1.4257
11/16/2022 15:03:21,1.4257
11/16/2022 15:03:22,1.4250
11/16/2022 15:03:23,1.4250
11/16/2022 15:03:24,1.4250
11/16/2022 15:03:25,1.4250
11/16/2022 15:03:26,1.4250
11/16/2022 15:03:27,1.4235
11/16/2022 15:03:28,1.4235
11/16/2022 15:03:29,1.4235
11/16/2022 15:03:30,1.4235
11/16/2022 15:03:31,1.4235
11/16/2022 15:03:32,1.4227
11/16/2022 15:03:33,1.4227
11/16/2022 15:03:34,1.4227
11/16/2022 15:03:35,1.4227
11/16/2022 15:03:36,1.4227
11/16/2022 15:03:37,1.4230
11/16/2022 15:03:38,1.4230
11/16/2022 15:03:39,1.4230
11/16/2022 15:03:40,1.4230
11/16/2022 15:03:41,1.4230
11/16/2022 15:03:42,1.4244
11/16/2022 15:03:43,1.4244
11/16/2022 15:03:44,1.4244
11/16/2022 15:03:45,1.4244
11/16/2022 15:03:46,1.4244
11/16/2022 15:03:47,1.4206
11/16/2022 15:03:48,1.4206
11/16/2022 15:03:49,1.4206
11/16/2022 15:03:50,1.4206
11/16/2022 15:03:51,1.4206
11/16/2022 15:03:52,1.4211
11/16/2022 15:03:53,1.4211
11/16/2022 15:03:54,1.4211
11/16/2022 15:03:55,1.4211
11/16/2022 15:03:56,1.4211
11/16/2022 15:03:57,1.4215
11/16/2022 15:03:58,1.4215
11/16/2022 15:03:59,1.4215
11/16/2022 15:04:00,1.4215
11/16/2022 15:04:01,1.4215
11/16/2022 15:04:02,1.4215
11/16/2022 15:04:03,1.4215
11/16/2022 15:04:04,1.4215
11/16/2022 15:04:05,1.4215
11/16/2022 15:04:06,1.4215
11/16/2022 15:04:07,1.4213
11/16/2022 15:04:08,1.4213
11/16/2022 15:04:09,1.4213
11/16/2022 15:04:10,1.4213
11/16/2022 15:04:11,1.4213
11/16/2022 15:04:12,1.4204
11/16/2022 15:04:13,1.4204
11/16/2022 15:04:14,1.4204
11/16/2022 15:04:15,1.4204
11/16/2022 15:04:16,1.4204
11/16/2022 15:04:17,1.4201
11/16/2022 15:04:18,1.4201
11/16/2022 15:04:19,1.4201
11/16/2022 15:04:20,1.4201
11/16/2022 15:04:21,1.4201
11/16/2022 15:04:22,1.4210
11/16/2022 15:04:23,1.4210
11/16/2022 15:04:24,1.4210
11/16/2022 15:04:25,1.4210
11/16/2022 15:04:26,1.4210
11/16/2022 15:04:27,1.4178
11/16/2022 15:04:28,1.4178
11/16/2022 15:04:29,1.4178
11/16/2022 15:04:30,1.4178
11/16/2022 15:04:31,1.4178
11/16/2022 15:04:32,1.4195
11/16/2022 15:04:33,1.4195
11/16/2022 15:04:34,1.4195
11/16/2022 15:04:35,1.4195
11/16/2022 15:04:36,1.4195
11/16/2022 15:04:37,1.4214
11/16/2022 15:04:38,1.4214
11/16/2022 15:04:39,1.4214
11/16/2022 15:04:40,1.4214
11/16/2022 15:04:41,1.4214
11/16/2022 15:04:42,1.4219
11/16/2022 15:04:43,1.4219
11/16/2022 15:04:44,1.4219
11/16/2022 15:04:45,1.4219
11/16/2022 15:04:46,1.4219
11/16/2022 15:04:47,1.4221
11/16/2022 15:04:48,1.4221
11/16/2022 15:04:49,1.4221
11/16/2022 15:04:50,1.4221
11/16/2022 15:04:51,1.4221
11/16/2022 15:04:52,1.4218
11/16/2022 15:04:53,1.4218
11/16/2022 15:04:54,1.4218
11/16/2022 15:04:55,1.4218
11/16/2022 15:04:56,1.4218
11/16/2022 15:04:57,1.4211
11/16/2022 15:04:58,1.4211
11/16/2022 15:04:59,1.4211
11/16/2022 15:05:00,1.4211
11/16/2022 15:05:01,1.4211
11/16/2022 15:05:02,1.4213
11/16/2022 15:05:03,1.4213
11/16/2022 15:05:04,1.4213
11/16/2022 15:05:05,1.4213
11/16/2022 15:05:06,1.4213
11/16/2022 15:05:07,1.4210
11/16/2022 15:05:08,1.4210
11/16/2022 15:05:09,1.4210
11/16/2022 15:05:10,1.4210
11/16/2022 15:05:11,1.4210
11/16/2022 15:05:12,1.4201
11/16/2022 15:05:13,1.4201
11/16/2022 15:05:14,1.4201
11/16/2022 15:05:15,1.4201
11/16/2022 15:05:16,1.4201
11/16/2022 15:05:17,1.4202
11/16/2022 15:05:18,1.4202
11/16/2022 15:05:19,1.4202
11/16/2022 15:05:20,1.4202
11/16/2022 15:05:21,1.4202
11/16/2022 15:05:22,1.4239
11/16/2022 15:05:23,1.4239
11/16/2022 15:05:24,1.4239
11/16/2022 15:05:25,1.4239
11/16/2022 15:05:26,1.4239
11/16/2022 15:05:27,1.4231
11/16/2022 15:05:28,1.4231
11/16/2022 15:05:29,1.4231
11/16/2022 15:05:30,1.4231
11/16/2022 15:05:31,1.4231
11/16/2022 15:05:32,1.4237
11/16/2022 15:05:33,1.4237
11/16/2022 15:05:34,1.4237
11/16/2022 15:05:35,1.4237
11/16/2022 15:05:36,1.4237
11/16/2022 15:05:37,1.4246
11/16/2022 15:05:38,1.4246
11/16/2022 15:05:39,1.4246
11/16/2022 15:05:40,1.4246
11/16/2022 15:05:41,1.4246
11/16/2022 15:05:42,1.4249
11/16/2022 15:05:43,1.4249
11/16/2022 15:05:44,1.4249
11/16/2022 15:05:45,1.4249
11/16/2022 15:05:46,1.4249
11/16/2022 15:05:47,1.4250
11/16/2022 15:05:48,1.4250
11/16/2022 15:05:49,1.4250
11/16/2022 15:05:50,1.4250
11/16/2022 15:05:51,1.4250
11/16/2022 15:05:52,1.4262
11/16/2022 15:05:53,1.4262
11/16/2022 15:05:54,1.4262
11/16/2022 15:05:55,1.4262
11/16/2022 15:05:56,1.4262
11/16/2022 15:05:57,1.4307
11/16/2022 15:05:58,1.4307
11/16/2022 15:05:59,1.4307
11/16/2022 15:06:00,1.4307
11/16/2022 15:06:01,1.4307
11/16/2022 15:06:02,1.4423
11/16/2022 15:06:03,1.4423
11/16/2022 15:06:04,1.4423
11/16/2022 15:06:05,1.4423
11/16/2022 15:06:06,1.4423
11/16/2022 15:06:07,1.4412
11/16/2022 15:06:08,1.4412
11/16/2022 15:06:09,1.4412
11/16/2022 15:06:10,1.4412
11/16/2022 15:06:11,1.4412
11/16/2022 15:06:12,1.4420
11/16/2022 15:06:13,1.4420
11/16/2022 15:06:14,1.4420
11/16/2022 15:06:15,1.4420
11/16/2022 15:06:16,1.4420
11/16/2022 15:06:17,1.4433
11/16/2022 15:06:18,1.4433
11/16/2022 15:06:19,1.4433
11/16/2022 15:06:20,1.4433
11/16/2022 15:06:21,1.4433
11/16/2022 15:06:22,1.4443
11/16/2022 15:06:23,1.4443
11/16/2022 15:06:24,1.4443
11/16/2022 15:06:25,1.4443
11/16/2022 15:06:26,1.4443
11/16/2022 15:06:27,1.4432
11/16/2022 15:06:28,1.4432
11/16/2022 15:06:29,1.4432
11/16/2022 15:06:30,1.4432
11/16/2022 15:06:31,1.4432
11/16/2022 15:06:32,1.4312
11/16/2022 15:06:33,1.4312
11/16/2022 15:06:34,1.4312
11/16/2022 15:06:35,1.4312
11/16/2022 15:06:36,1.4312
11/16/2022 15:06:37,1.4429
11/16/2022 15:06:38,1.4429
11/16/2022 15:06:39,1.4429
11/16/2022 15:06:40,1.4429
11/16/2022 15:06:41,1.4429
11/16/2022 15:06:42,1.4434
11/16/2022 15:06:43,1.4434
11/16/2022 15:06:44,1.4434
11/16/2022 15:06:45,1.4434
11/16/2022 15:06:46,1.4434
11/16/2022 15:06:47,1.4451
11/16/2022 15:06:48,1.4451
11/16/2022 15:06:49,1.4451
11/16/2022 15:06:50,1.4451
11/16/2022 15:06:51,1.4451
11/16/2022 15:06:52,1.4345
11/16/2022 15:06:53,1.4345
11/16/2022 15:06:54,1.4345
11/16/2022 15:06:55,1.4345
11/16/2022 15:06:56,1.4345
11/16/2022 15:06:57,1.4457
11/16/2022 15:06:58,1.4457
11/16/2022 15:06:59,1.4457
11/16/2022 15:07:00,1.4457
11/16/2022 15:07:01,1.4457
11/16/2022 15:07:02,1.4449
11/16/2022 15:07:03,1.4449
11/16/2022 15:07:04,1.4449
11/16/2022 15:07:05,1.4449
11/16/2022 15:07:06,1.4449
11/16/2022 15:07:07,1.4436
11/16/2022 15:07:08,1.4436
11/16/2022 15:07:09,1.4436
11/16/2022 15:07:10,1.4436
11/16/2022 15:07:11,1.4436
11/16/2022 15:07:12,1.4444
11/16/2022 15:07:13,1.4444
11/16/2022 15:07:14,1.4444
11/16/2022 15:07:15,1.4444
11/16/2022 15:07:16,1.4444
11/16/2022 15:07:17,1.3844
11/16/2022 15:07:18,1.3844
11/16/2022 15:07:19,1.3844
11/16/2022 15:07:20,1.3844
11/16/2022 15:07:21,1.3844
11/16/2022 15:07:22,0.0000
11/16/2022 15:07:23,0.0000
11/16/2022 15:07:24,0.0000
11/16/2022 15:07:25,0.0000
11/16/2022 15:07:26,0.0000
11/16/2022 15:07:27,0.0000
11/16/2022 15:07:28,0.0000
11/16/2022 15:07:29,0.0000
11/16/2022 15:07:30,0.0000
11/16/2022 15:07:31,0.0000
11/16/2022 15:07:32,0.0000
11/16/2022 15:07:33,0.0000
11/16/2022 15:07:34,0.0000
11/16/2022 15:07:35,0.0000
11/16/2022 15:07:36,0.0000
11/16/2022 15:07:37,0.0000
11/16/2022 15:07:38,0.0000
11/16/2022 15:07:39,0.0000
11/16/2022 15:07:40,0.0000
11/16/2022 15:07:41,0.0000
11/16/2022 15:07:42,0.0000
11/16/2022 15:07:43,0.0000
11/16/2022 15:07:44,0.0000
11/16/2022 15:07:45,0.0000
11/16/2022 15:07:46,0.0000
11/16/2022 15:07:47,0.0000
11/16/2022 15:07:48,0.0000
11/16/2022 15:07:49,0.0000
11/16/2022 15:07:50,0.0000
11/16/2022 15:07:51,0.0000
11/16/2022 15:07:52,0.0000
11/16/2022 15:07:53,0.0000
11/16/2022 15:07:54,0.0000
11/16/2022 15:07:55,0.0000
11/16/2022 15:07:56,0.0000
11/16/2022 15:07:57,0.0000
11/16/2022 15:07:58,0.0000
11/16/2022 15:07:59,0.0000
11/16/2022 15:08:00,0.0000
11/16/2022 15:08:01,0.0000
11/16/2022 15:08:02,0.0000
11/16/2022 15:08:03,0.0000
11/16/2022 15:08:04,0.0000
11/16/2022 15:08:05,0.0000
11/16/2022 15:08:06,0.0000
11/16/2022 15:08:07,0.0000
11/16/2022 15:08:08,0.0000
11/16/2022 15:08:09,0.0000
11/16/2022 15:08:10,0.0000
11/16/2022 15:08:11,0.0000
11/16/2022 15:08:12,0.0000
11/16/2022 15:08:13,0.0000
11/16/2022 15:08:14,0.0000
11/16/2022 15:08:15,0.0000
11/16/2022 15:08:16,0.0000
11/16/2022 15:08:17,0.0000
11/16/2022 15:08:18,0.0000
11/16/2022 15:08:19,0.0000
11/16/2022 15:08:20,0.0000
11/16/2022 15:08:21,0.0000
11/16/2022 15:08:22,0.0000
11/16/2022 15:08:23,0.0000
11/16/2022 15:08:24,0.0000
11/16/2022 15:08:25,0.0000
11/16/2022 15:08:26,0.0000
11/16/2022 15:08:27,0.0000
11/16/2022 15:08:28,0.0000
11/16/2022 15:08:29,0.0000
11/16/2022 15:08:30,0.0000
11/16/2022 15:08:31,0.0000
11/16/2022 15:08:32,0.0000
11/16/2022 15:08:33,0.0000
11/16/2022 15:08:34,0.0000
11/16/2022 15:08:35,0.0000
11/16/2022 15:08:36,0.0000
11/16/2022 15:08:37,0.0000
11/16/2022 15:08:38,0.0000
11/16/2022 15:08:39,0.0000
11/16/2022 15:08:40,0.0000
11/16/2022 15:08:41,0.0000
11/16/2022 15:08:42,0.0000
11/16/2022 15:08:43,0.0000
11/16/2022 15:08:44,0.0000
11/16/2022 15:08:45,0.0000
11/16/2022 15:08:46,0.0000
11/16/2022 15:08:47,0.0000
11/16/2022 15:08:48,0.0000
11/16/2022 15:08:49,0.0000
11/16/2022 15:08:50,0.0000
11/16/2022 15:08:51,0.0000
11/16/2022 15:08:52,0.0000
11/16/2022 15:08:53,0.0000
11/16/2022 15:08:54,0.0000
11/16/2022 15:08:55,0.0000
11/16/2022 15:08:56,0.0000
11/16/2022 15:08:57,0.0000
11/16/2022 15:08:58,0.0000
11/16/2022 15:08:59,0.0000
11/16/2022 15:09:00,0.0000
11/16/2022 15:09:01,0.0000
11/16/2022 15:09:02,0.0000
11/16/2022 15:09:03,0.0000
11/16/2022 15:09:04,0.0000
11/16/2022 15:09:05,0.0000
11/16/2022 15:09:06,0.0000
