Time Bucket (America/Chicago),Load Disaggregation 1_1 (kWatts)
11/15/2022 15:41:54,0.0014
11/15/2022 15:41:55,0.0014
11/15/2022 15:41:56,0.0014
11/15/2022 15:41:57,0.0014
11/15/2022 15:41:58,0.0014
11/15/2022 15:41:59,0.0014
11/15/2022 15:42:00,0.0014
11/15/2022 15:42:01,0.0014
11/15/2022 15:42:02,0.0014
11/15/2022 15:42:03,0.0014
11/15/2022 15:42:04,0.0014
11/15/2022 15:42:05,0.0014
11/15/2022 15:42:06,0.0014
11/15/2022 15:42:07,0.0014
11/15/2022 15:42:08,0.0014
11/15/2022 15:42:09,0
11/15/2022 15:42:10,0
11/15/2022 15:42:11,0
11/15/2022 15:42:12,0
11/15/2022 15:42:13,0
11/15/2022 15:42:14,0
11/15/2022 15:42:15,0
11/15/2022 15:42:16,0
11/15/2022 15:42:17,0
11/15/2022 15:42:18,0
11/15/2022 15:42:19,0
11/15/2022 15:42:20,0
11/15/2022 15:42:21,0
11/15/2022 15:42:22,0
11/15/2022 15:42:23,0
11/15/2022 15:42:24,0
11/15/2022 15:42:25,0
11/15/2022 15:42:26,0
11/15/2022 15:42:27,0
11/15/2022 15:42:28,0
11/15/2022 15:42:29,0.0321
11/15/2022 15:42:30,0.0321
11/15/2022 15:42:31,0.0321
11/15/2022 15:42:32,0.0321
11/15/2022 15:42:33,0.0321
11/15/2022 15:42:34,0.1441
11/15/2022 15:42:35,0.1441
11/15/2022 15:42:36,0.1441
11/15/2022 15:42:37,0.1441
11/15/2022 15:42:38,0.1441
11/15/2022 15:42:39,0.1007
11/15/2022 15:42:40,0.1007
11/15/2022 15:42:41,0.1007
11/15/2022 15:42:42,0.1007
11/15/2022 15:42:43,0.1007
11/15/2022 15:42:44,0.1973
11/15/2022 15:42:45,0.1973
11/15/2022 15:42:46,0.1973
11/15/2022 15:42:47,0.1973
11/15/2022 15:42:48,0.1973
11/15/2022 15:42:49,0.1913
11/15/2022 15:42:50,0.1913
11/15/2022 15:42:51,0.1913
11/15/2022 15:42:52,0.1913
11/15/2022 15:42:53,0.1913
11/15/2022 15:42:54,0.1895
11/15/2022 15:42:55,0.1895
11/15/2022 15:42:56,0.1895
11/15/2022 15:42:57,0.1895
11/15/2022 15:42:58,0.1895
11/15/2022 15:42:59,0.1866
11/15/2022 15:43:00,0.1866
11/15/2022 15:43:01,0.1866
11/15/2022 15:43:02,0.1866
11/15/2022 15:43:03,0.1866
11/15/2022 15:43:04,0.1564
11/15/2022 15:43:05,0.1564
11/15/2022 15:43:06,0.1564
11/15/2022 15:43:07,0.1564
11/15/2022 15:43:08,0.1564
11/15/2022 15:43:09,0.1478
11/15/2022 15:43:10,0.1478
11/15/2022 15:43:11,0.1478
11/15/2022 15:43:12,0.1478
11/15/2022 15:43:13,0.1478
11/15/2022 15:43:14,0.1468
11/15/2022 15:43:15,0.1468
11/15/2022 15:43:16,0.1468
11/15/2022 15:43:17,0.1468
11/15/2022 15:43:18,0.1468
11/15/2022 15:43:19,0.1424
11/15/2022 15:43:20,0.1424
11/15/2022 15:43:21,0.1424
11/15/2022 15:43:22,0.1424
11/15/2022 15:43:23,0.1424
11/15/2022 15:43:24,0.142
11/15/2022 15:43:25,0.142
11/15/2022 15:43:26,0.142
11/15/2022 15:43:27,0.142
11/15/2022 15:43:28,0.142
11/15/2022 15:43:29,0.1423
11/15/2022 15:43:30,0.1423
11/15/2022 15:43:31,0.1423
11/15/2022 15:43:32,0.1423
11/15/2022 15:43:33,0.1423
11/15/2022 15:43:34,0.145
11/15/2022 15:43:35,0.145
11/15/2022 15:43:36,0.145
11/15/2022 15:43:37,0.145
11/15/2022 15:43:38,0.145
11/15/2022 15:43:39,0.1424
11/15/2022 15:43:40,0.1424
11/15/2022 15:43:41,0.1424
11/15/2022 15:43:42,0.1424
11/15/2022 15:43:43,0.1424
11/15/2022 15:43:44,0.1423
11/15/2022 15:43:45,0.1423
11/15/2022 15:43:46,0.1423
11/15/2022 15:43:47,0.1423
11/15/2022 15:43:48,0.1423
11/15/2022 15:43:49,0.1422
11/15/2022 15:43:50,0.1422
11/15/2022 15:43:51,0.1422
11/15/2022 15:43:52,0.1422
11/15/2022 15:43:53,0.1422
11/15/2022 15:43:54,0.1423
11/15/2022 15:43:55,0.1423
11/15/2022 15:43:56,0.1423
11/15/2022 15:43:57,0.1423
11/15/2022 15:43:58,0.1423
11/15/2022 15:43:59,0.1452
11/15/2022 15:44:00,0.1452
11/15/2022 15:44:01,0.1452
11/15/2022 15:44:02,0.1452
11/15/2022 15:44:03,0.1452
11/15/2022 15:44:04,0.1425
11/15/2022 15:44:05,0.1425
11/15/2022 15:44:06,0.1425
11/15/2022 15:44:07,0.1425
11/15/2022 15:44:08,0.1425
11/15/2022 15:44:09,0.1423
11/15/2022 15:44:10,0.1423
11/15/2022 15:44:11,0.1423
11/15/2022 15:44:12,0.1423
11/15/2022 15:44:13,0.1423
11/15/2022 15:44:14,0.1427
11/15/2022 15:44:15,0.1427
11/15/2022 15:44:16,0.1427
11/15/2022 15:44:17,0.1427
11/15/2022 15:44:18,0.1427
11/15/2022 15:44:19,0.1454
11/15/2022 15:44:20,0.1454
11/15/2022 15:44:21,0.1454
11/15/2022 15:44:22,0.1454
11/15/2022 15:44:23,0.1454
11/15/2022 15:44:24,0.1431
11/15/2022 15:44:25,0.1431
11/15/2022 15:44:26,0.1431
11/15/2022 15:44:27,0.1431
11/15/2022 15:44:28,0.1431
11/15/2022 15:44:29,0.1432
11/15/2022 15:44:30,0.1432
11/15/2022 15:44:31,0.1432
11/15/2022 15:44:32,0.1432
11/15/2022 15:44:33,0.1432
11/15/2022 15:44:34,0.1423
11/15/2022 15:44:35,0.1423
11/15/2022 15:44:36,0.1423
11/15/2022 15:44:37,0.1423
11/15/2022 15:44:38,0.1423
11/15/2022 15:44:39,0.1431
11/15/2022 15:44:40,0.1431
11/15/2022 15:44:41,0.1431
11/15/2022 15:44:42,0.1431
11/15/2022 15:44:43,0.1431
11/15/2022 15:44:44,0.1431
11/15/2022 15:44:45,0.1431
11/15/2022 15:44:46,0.1431
11/15/2022 15:44:47,0.1431
11/15/2022 15:44:48,0.1431
11/15/2022 15:44:49,0.1429
11/15/2022 15:44:50,0.1429
11/15/2022 15:44:51,0.1429
11/15/2022 15:44:52,0.1429
11/15/2022 15:44:53,0.1429
11/15/2022 15:44:54,0.143
11/15/2022 15:44:55,0.143
11/15/2022 15:44:56,0.143
11/15/2022 15:44:57,0.143
11/15/2022 15:44:58,0.143
11/15/2022 15:44:59,0.143
11/15/2022 15:45:00,0.143
11/15/2022 15:45:01,0.143
11/15/2022 15:45:02,0.143
11/15/2022 15:45:03,0.143
11/15/2022 15:45:04,0.1429
11/15/2022 15:45:05,0.1429
11/15/2022 15:45:06,0.1429
11/15/2022 15:45:07,0.1429
11/15/2022 15:45:08,0.1429
11/15/2022 15:45:09,0.143
11/15/2022 15:45:10,0.143
11/15/2022 15:45:11,0.143
11/15/2022 15:45:12,0.143
11/15/2022 15:45:13,0.143
11/15/2022 15:45:14,0.1433
11/15/2022 15:45:15,0.1433
11/15/2022 15:45:16,0.1433
11/15/2022 15:45:17,0.1433
11/15/2022 15:45:18,0.1433
11/15/2022 15:45:19,0.143
11/15/2022 15:45:20,0.143
11/15/2022 15:45:21,0.143
11/15/2022 15:45:22,0.143
11/15/2022 15:45:23,0.143
11/15/2022 15:45:24,0.143
11/15/2022 15:45:25,0.143
11/15/2022 15:45:26,0.143
11/15/2022 15:45:27,0.143
11/15/2022 15:45:28,0.143
11/15/2022 15:45:29,0.1432
11/15/2022 15:45:30,0.1432
11/15/2022 15:45:31,0.1432
11/15/2022 15:45:32,0.1432
11/15/2022 15:45:33,0.1432
11/15/2022 15:45:34,0.1474
11/15/2022 15:45:35,0.1474
11/15/2022 15:45:36,0.1474
11/15/2022 15:45:37,0.1474
11/15/2022 15:45:38,0.1474
11/15/2022 15:45:39,0.1445
11/15/2022 15:45:40,0.1445
11/15/2022 15:45:41,0.1445
11/15/2022 15:45:42,0.1445
11/15/2022 15:45:43,0.1445
11/15/2022 15:45:44,0.1437
11/15/2022 15:45:45,0.1437
11/15/2022 15:45:46,0.1437
11/15/2022 15:45:47,0.1437
11/15/2022 15:45:48,0.1437
11/15/2022 15:45:49,0.1437
11/15/2022 15:45:50,0.1437
11/15/2022 15:45:51,0.1437
11/15/2022 15:45:52,0.1437
11/15/2022 15:45:53,0.1437
11/15/2022 15:45:54,0.1438
11/15/2022 15:45:55,0.1438
11/15/2022 15:45:56,0.1438
11/15/2022 15:45:57,0.1438
11/15/2022 15:45:58,0.1438
11/15/2022 15:45:59,0.144
11/15/2022 15:46:00,0.144
11/15/2022 15:46:01,0.144
11/15/2022 15:46:02,0.144
11/15/2022 15:46:03,0.144
11/15/2022 15:46:04,0.1443
11/15/2022 15:46:05,0.1443
11/15/2022 15:46:06,0.1443
11/15/2022 15:46:07,0.1443
11/15/2022 15:46:08,0.1443
11/15/2022 15:46:09,0.1457
11/15/2022 15:46:10,0.1457
11/15/2022 15:46:11,0.1457
11/15/2022 15:46:12,0.1457
11/15/2022 15:46:13,0.1457
11/15/2022 15:46:14,0.1479
11/15/2022 15:46:15,0.1479
11/15/2022 15:46:16,0.1479
11/15/2022 15:46:17,0.1479
11/15/2022 15:46:18,0.1479
11/15/2022 15:46:19,0.1439
11/15/2022 15:46:20,0.1439
11/15/2022 15:46:21,0.1439
11/15/2022 15:46:22,0.1439
11/15/2022 15:46:23,0.1439
11/15/2022 15:46:24,0.1439
11/15/2022 15:46:25,0.1439
11/15/2022 15:46:26,0.1439
11/15/2022 15:46:27,0.1439
11/15/2022 15:46:28,0.1439
11/15/2022 15:46:29,0.1453
11/15/2022 15:46:30,0.1453
11/15/2022 15:46:31,0.1453
11/15/2022 15:46:32,0.1453
11/15/2022 15:46:33,0.1453
11/15/2022 15:46:34,0.1417
11/15/2022 15:46:35,0.1417
11/15/2022 15:46:36,0.1417
11/15/2022 15:46:37,0.1417
11/15/2022 15:46:38,0.1417
11/15/2022 15:46:39,0.1447
11/15/2022 15:46:40,0.1447
11/15/2022 15:46:41,0.1447
11/15/2022 15:46:42,0.1447
11/15/2022 15:46:43,0.1447
11/15/2022 15:46:44,0.1455
11/15/2022 15:46:45,0.1455
11/15/2022 15:46:46,0.1455
11/15/2022 15:46:47,0.1455
11/15/2022 15:46:48,0.1455
11/15/2022 15:46:49,0.1439
11/15/2022 15:46:50,0.1439
11/15/2022 15:46:51,0.1439
11/15/2022 15:46:52,0.1439
11/15/2022 15:46:53,0.1439
11/15/2022 15:46:54,0.1415
11/15/2022 15:46:55,0.1415
11/15/2022 15:46:56,0.1415
11/15/2022 15:46:57,0.1415
11/15/2022 15:46:58,0.1415
11/15/2022 15:46:59,0.1409
11/15/2022 15:47:00,0.1409
11/15/2022 15:47:01,0.1409
11/15/2022 15:47:02,0.1409
11/15/2022 15:47:03,0.1409
11/15/2022 15:47:04,0.1409
11/15/2022 15:47:05,0.1409
11/15/2022 15:47:06,0.1409
11/15/2022 15:47:07,0.1409
11/15/2022 15:47:08,0.1409
11/15/2022 15:47:09,0.1419
11/15/2022 15:47:10,0.1419
11/15/2022 15:47:11,0.1419
11/15/2022 15:47:12,0.1419
11/15/2022 15:47:13,0.1419
11/15/2022 15:47:14,0.1566
11/15/2022 15:47:15,0.1566
11/15/2022 15:47:16,0.1566
11/15/2022 15:47:17,0.1566
11/15/2022 15:47:18,0.1566
11/15/2022 15:47:19,0.1563
11/15/2022 15:47:20,0.1563
11/15/2022 15:47:21,0.1563
11/15/2022 15:47:22,0.1563
11/15/2022 15:47:23,0.1563
11/15/2022 15:47:24,0.1745
11/15/2022 15:47:25,0.1745
11/15/2022 15:47:26,0.1745
11/15/2022 15:47:27,0.1745
11/15/2022 15:47:28,0.1745
11/15/2022 15:47:29,0.1667
11/15/2022 15:47:30,0.1667
11/15/2022 15:47:31,0.1667
11/15/2022 15:47:32,0.1667
11/15/2022 15:47:33,0.1667
11/15/2022 15:47:34,0.1724
11/15/2022 15:47:35,0.1724
11/15/2022 15:47:36,0.1724
11/15/2022 15:47:37,0.1724
11/15/2022 15:47:38,0.1724
11/15/2022 15:47:39,0.1664
11/15/2022 15:47:40,0.1664
11/15/2022 15:47:41,0.1664
11/15/2022 15:47:42,0.1664
11/15/2022 15:47:43,0.1664
11/15/2022 15:47:44,0.1515
11/15/2022 15:47:45,0.1515
11/15/2022 15:47:46,0.1515
11/15/2022 15:47:47,0.1515
11/15/2022 15:47:48,0.1515
11/15/2022 15:47:49,0.1512
11/15/2022 15:47:50,0.1512
11/15/2022 15:47:51,0.1512
11/15/2022 15:47:52,0.1512
11/15/2022 15:47:53,0.1512
11/15/2022 15:47:54,0.1511
11/15/2022 15:47:55,0.1511
11/15/2022 15:47:56,0.1511
11/15/2022 15:47:57,0.1511
11/15/2022 15:47:58,0.1511
11/15/2022 15:47:59,0.1558
11/15/2022 15:48:00,0.1558
11/15/2022 15:48:01,0.1558
11/15/2022 15:48:02,0.1558
11/15/2022 15:48:03,0.1558
11/15/2022 15:48:04,0.156
11/15/2022 15:48:05,0.156
11/15/2022 15:48:06,0.156
11/15/2022 15:48:07,0.156
11/15/2022 15:48:08,0.156
11/15/2022 15:48:09,0.1541
11/15/2022 15:48:10,0.1541
11/15/2022 15:48:11,0.1541
11/15/2022 15:48:12,0.1541
11/15/2022 15:48:13,0.1541
11/15/2022 15:48:14,0.1552
11/15/2022 15:48:15,0.1552
11/15/2022 15:48:16,0.1552
11/15/2022 15:48:17,0.1552
11/15/2022 15:48:18,0.1552
11/15/2022 15:48:19,0.1544
11/15/2022 15:48:20,0.1544
11/15/2022 15:48:21,0.1544
11/15/2022 15:48:22,0.1544
11/15/2022 15:48:23,0.1544
11/15/2022 15:48:24,0.1481
11/15/2022 15:48:25,0.1481
11/15/2022 15:48:26,0.1481
11/15/2022 15:48:27,0.1481
11/15/2022 15:48:28,0.1481
11/15/2022 15:48:29,0.1506
11/15/2022 15:48:30,0.1506
11/15/2022 15:48:31,0.1506
11/15/2022 15:48:32,0.1506
11/15/2022 15:48:33,0.1506
11/15/2022 15:48:34,0.1497
11/15/2022 15:48:35,0.1497
11/15/2022 15:48:36,0.1497
11/15/2022 15:48:37,0.1497
11/15/2022 15:48:38,0.1497
11/15/2022 15:48:39,0.1606
11/15/2022 15:48:40,0.1606
11/15/2022 15:48:41,0.1606
11/15/2022 15:48:42,0.1606
11/15/2022 15:48:43,0.1606
11/15/2022 15:48:44,0.1537
11/15/2022 15:48:45,0.1537
11/15/2022 15:48:46,0.1537
11/15/2022 15:48:47,0.1537
11/15/2022 15:48:48,0.1537
11/15/2022 15:48:49,0.1606
11/15/2022 15:48:50,0.1606
11/15/2022 15:48:51,0.1606
11/15/2022 15:48:52,0.1606
11/15/2022 15:48:53,0.1606
11/15/2022 15:48:54,0.1646
11/15/2022 15:48:55,0.1646
11/15/2022 15:48:56,0.1646
11/15/2022 15:48:57,0.1646
11/15/2022 15:48:58,0.1646
11/15/2022 15:48:59,0.1539
11/15/2022 15:49:00,0.1539
11/15/2022 15:49:01,0.1539
11/15/2022 15:49:02,0.1539
11/15/2022 15:49:03,0.1539
11/15/2022 15:49:04,0.1533
11/15/2022 15:49:05,0.1533
11/15/2022 15:49:06,0.1533
11/15/2022 15:49:07,0.1533
11/15/2022 15:49:08,0.1533
11/15/2022 15:49:09,0.1695
11/15/2022 15:49:10,0.1695
11/15/2022 15:49:11,0.1695
11/15/2022 15:49:12,0.1695
11/15/2022 15:49:13,0.1695
11/15/2022 15:49:14,0.1768
11/15/2022 15:49:15,0.1768
11/15/2022 15:49:16,0.1768
11/15/2022 15:49:17,0.1768
11/15/2022 15:49:18,0.1768
11/15/2022 15:49:19,0.1675
11/15/2022 15:49:20,0.1675
11/15/2022 15:49:21,0.1675
11/15/2022 15:49:22,0.1675
11/15/2022 15:49:23,0.1675
11/15/2022 15:49:24,0.1546
11/15/2022 15:49:25,0.1546
11/15/2022 15:49:26,0.1546
11/15/2022 15:49:27,0.1546
11/15/2022 15:49:28,0.1546
11/15/2022 15:49:29,0.1678
11/15/2022 15:49:30,0.1678
11/15/2022 15:49:31,0.1678
11/15/2022 15:49:32,0.1678
11/15/2022 15:49:33,0.1678
11/15/2022 15:49:34,0
11/15/2022 15:49:35,0
11/15/2022 15:49:36,0
11/15/2022 15:49:37,0
11/15/2022 15:49:38,0
11/15/2022 15:49:39,0
11/15/2022 15:49:40,0
11/15/2022 15:49:41,0
11/15/2022 15:49:42,0
11/15/2022 15:49:43,0
11/15/2022 15:49:44,0
11/15/2022 15:49:45,0
11/15/2022 15:49:46,0
11/15/2022 15:49:47,0
11/15/2022 15:49:48,0
11/15/2022 15:49:49,0
11/15/2022 15:49:50,0
11/15/2022 15:49:51,0
11/15/2022 15:49:52,0
11/15/2022 15:49:53,0
11/15/2022 15:49:54,0
11/15/2022 15:49:55,0
11/15/2022 15:49:56,0
11/15/2022 15:49:57,0
11/15/2022 15:49:58,0
11/15/2022 15:49:59,0
11/15/2022 15:50:00,0
11/15/2022 15:50:01,0
11/15/2022 15:50:02,0
11/15/2022 15:50:03,0
11/15/2022 15:50:04,0
11/15/2022 15:50:05,0
11/15/2022 15:50:06,0
11/15/2022 15:50:07,0
11/15/2022 15:50:08,0
11/15/2022 15:50:09,0
11/15/2022 15:50:10,0
11/15/2022 15:50:11,0
11/15/2022 15:50:12,0
11/15/2022 15:50:13,0
11/15/2022 15:50:14,0
11/15/2022 15:50:15,0
11/15/2022 15:50:16,0
11/15/2022 15:50:17,0
11/15/2022 15:50:18,0
11/15/2022 15:50:19,0
11/15/2022 15:50:20,0
11/15/2022 15:50:21,0
11/15/2022 15:50:22,0
11/15/2022 15:50:23,0
11/15/2022 15:50:24,0
11/15/2022 15:50:25,0
11/15/2022 15:50:26,0
11/15/2022 15:50:27,0
11/15/2022 15:50:28,0
11/15/2022 15:50:29,0
11/15/2022 15:50:30,0
11/15/2022 15:50:31,0
11/15/2022 15:50:32,0
11/15/2022 15:50:33,0
11/15/2022 15:50:34,0.0346
11/15/2022 15:50:35,0.0346
11/15/2022 15:50:36,0.0346
11/15/2022 15:50:37,0.0346
11/15/2022 15:50:38,0.0346
11/15/2022 15:50:39,0.1109
11/15/2022 15:50:40,0.1109
11/15/2022 15:50:41,0.1109
11/15/2022 15:50:42,0.1109
11/15/2022 15:50:43,0.1109
11/15/2022 15:50:44,0.1488
11/15/2022 15:50:45,0.1488
11/15/2022 15:50:46,0.1488
11/15/2022 15:50:47,0.1488
11/15/2022 15:50:48,0.1488
11/15/2022 15:50:49,0.1474
11/15/2022 15:50:50,0.1474
11/15/2022 15:50:51,0.1474
11/15/2022 15:50:52,0.1474
11/15/2022 15:50:53,0.1474
11/15/2022 15:50:54,0.1476
11/15/2022 15:50:55,0.1476
11/15/2022 15:50:56,0.1476
11/15/2022 15:50:57,0.1476
11/15/2022 15:50:58,0.1476
11/15/2022 15:50:59,0.1476
11/15/2022 15:51:00,0.1476
11/15/2022 15:51:01,0.1476
11/15/2022 15:51:02,0.1476
11/15/2022 15:51:03,0.1476
11/15/2022 15:51:04,0.1476
11/15/2022 15:51:05,0.1476
11/15/2022 15:51:06,0.1476
11/15/2022 15:51:07,0.1476
11/15/2022 15:51:08,0.1476
11/15/2022 15:51:09,0.1523
11/15/2022 15:51:10,0.1523
11/15/2022 15:51:11,0.1523
11/15/2022 15:51:12,0.1523
11/15/2022 15:51:13,0.1523
11/15/2022 15:51:14,0.1459
11/15/2022 15:51:15,0.1459
11/15/2022 15:51:16,0.1459
11/15/2022 15:51:17,0.1459
11/15/2022 15:51:18,0.1459
11/15/2022 15:51:19,0.1484
11/15/2022 15:51:20,0.1484
11/15/2022 15:51:21,0.1484
11/15/2022 15:51:22,0.1484
11/15/2022 15:51:23,0.1484
11/15/2022 15:51:24,0.1488
11/15/2022 15:51:25,0.1488
11/15/2022 15:51:26,0.1488
11/15/2022 15:51:27,0.1488
11/15/2022 15:51:28,0.1488
11/15/2022 15:51:29,0.1432
11/15/2022 15:51:30,0.1432
11/15/2022 15:51:31,0.1432
11/15/2022 15:51:32,0.1432
11/15/2022 15:51:33,0.1432
11/15/2022 15:51:34,0.1415
11/15/2022 15:51:35,0.1415
11/15/2022 15:51:36,0.1415
11/15/2022 15:51:37,0.1415
11/15/2022 15:51:38,0.1415
11/15/2022 15:51:39,0.1478
11/15/2022 15:51:40,0.1478
11/15/2022 15:51:41,0.1478
11/15/2022 15:51:42,0.1478
11/15/2022 15:51:43,0.1478
11/15/2022 15:51:44,0.1447
11/15/2022 15:51:45,0.1447
11/15/2022 15:51:46,0.1447
11/15/2022 15:51:47,0.1447
11/15/2022 15:51:48,0.1447
11/15/2022 15:51:49,0.1481
11/15/2022 15:51:50,0.1481
11/15/2022 15:51:51,0.1481
11/15/2022 15:51:52,0.1481
11/15/2022 15:51:53,0.1481
11/15/2022 15:51:54,0.1462
11/15/2022 15:51:55,0.1462
11/15/2022 15:51:56,0.1462
11/15/2022 15:51:57,0.1462
11/15/2022 15:51:58,0.1462
11/15/2022 15:51:59,0.1558
11/15/2022 15:52:00,0.1558
11/15/2022 15:52:01,0.1558
11/15/2022 15:52:02,0.1558
11/15/2022 15:52:03,0.1558
11/15/2022 15:52:04,0.1546
11/15/2022 15:52:05,0.1546
11/15/2022 15:52:06,0.1546
11/15/2022 15:52:07,0.1546
11/15/2022 15:52:08,0.1546
11/15/2022 15:52:09,0.1499
11/15/2022 15:52:10,0.1499
11/15/2022 15:52:11,0.1499
11/15/2022 15:52:12,0.1499
11/15/2022 15:52:13,0.1499
11/15/2022 15:52:14,0
11/15/2022 15:52:15,0
11/15/2022 15:52:16,0
11/15/2022 15:52:17,0
11/15/2022 15:52:18,0
11/15/2022 15:52:19,0.0723
11/15/2022 15:52:20,0.0723
11/15/2022 15:52:21,0.0723
11/15/2022 15:52:22,0.0723
11/15/2022 15:52:23,0.0723
11/15/2022 15:52:24,0.1529
11/15/2022 15:52:25,0.1529
11/15/2022 15:52:26,0.1529
11/15/2022 15:52:27,0.1529
11/15/2022 15:52:28,0.1529
11/15/2022 15:52:29,0.1484
11/15/2022 15:52:30,0.1484
11/15/2022 15:52:31,0.1484
11/15/2022 15:52:32,0.1484
11/15/2022 15:52:33,0.1484
11/15/2022 15:52:34,0.1553
11/15/2022 15:52:35,0.1553
11/15/2022 15:52:36,0.1553
11/15/2022 15:52:37,0.1553
11/15/2022 15:52:38,0.1553
11/15/2022 15:52:39,0.1516
11/15/2022 15:52:40,0.1516
11/15/2022 15:52:41,0.1516
11/15/2022 15:52:42,0.1516
11/15/2022 15:52:43,0.1516
11/15/2022 15:52:44,0.1506
11/15/2022 15:52:45,0.1506
11/15/2022 15:52:46,0.1506
11/15/2022 15:52:47,0.1506
11/15/2022 15:52:48,0.1506
11/15/2022 15:52:49,0.1466
11/15/2022 15:52:50,0.1466
11/15/2022 15:52:51,0.1466
11/15/2022 15:52:52,0.1466
11/15/2022 15:52:53,0.1466
11/15/2022 15:52:54,0.1473
11/15/2022 15:52:55,0.1473
11/15/2022 15:52:56,0.1473
11/15/2022 15:52:57,0.1473
11/15/2022 15:52:58,0.1473
11/15/2022 15:52:59,0.1464
11/15/2022 15:53:00,0.1464
11/15/2022 15:53:01,0.1464
11/15/2022 15:53:02,0.1464
11/15/2022 15:53:03,0.1464
11/15/2022 15:53:04,0.1569
11/15/2022 15:53:05,0.1569
11/15/2022 15:53:06,0.1569
11/15/2022 15:53:07,0.1569
11/15/2022 15:53:08,0.1569
11/15/2022 15:53:09,0.1512
11/15/2022 15:53:10,0.1512
11/15/2022 15:53:11,0.1512
11/15/2022 15:53:12,0.1512
11/15/2022 15:53:13,0.1512
11/15/2022 15:53:14,0.1506
11/15/2022 15:53:15,0.1506
11/15/2022 15:53:16,0.1506
11/15/2022 15:53:17,0.1506
11/15/2022 15:53:18,0.1506
11/15/2022 15:53:19,0.1433
11/15/2022 15:53:20,0.1433
11/15/2022 15:53:21,0.1433
11/15/2022 15:53:22,0.1433
11/15/2022 15:53:23,0.1433
11/15/2022 15:53:24,0.1418
11/15/2022 15:53:25,0.1418
11/15/2022 15:53:26,0.1418
11/15/2022 15:53:27,0.1418
11/15/2022 15:53:28,0.1418
11/15/2022 15:53:29,0.1419
11/15/2022 15:53:30,0.1419
11/15/2022 15:53:31,0.1419
11/15/2022 15:53:32,0.1419
11/15/2022 15:53:33,0.1419
11/15/2022 15:53:34,0.1418
11/15/2022 15:53:35,0.1418
11/15/2022 15:53:36,0.1418
11/15/2022 15:53:37,0.1418
11/15/2022 15:53:38,0.1418
11/15/2022 15:53:39,0.1422
11/15/2022 15:53:40,0.1422
11/15/2022 15:53:41,0.1422
11/15/2022 15:53:42,0.1422
11/15/2022 15:53:43,0.1422
11/15/2022 15:53:44,0.142
11/15/2022 15:53:45,0.142
11/15/2022 15:53:46,0.142
11/15/2022 15:53:47,0.142
11/15/2022 15:53:48,0.142
11/15/2022 15:53:49,0.1414
11/15/2022 15:53:50,0.1414
11/15/2022 15:53:51,0.1414
11/15/2022 15:53:52,0.1414
11/15/2022 15:53:53,0.1414
11/15/2022 15:53:54,0.0185
11/15/2022 15:53:55,0.0185
11/15/2022 15:53:56,0.0185
11/15/2022 15:53:57,0.0185
11/15/2022 15:53:58,0.0185
11/15/2022 15:53:59,0.0185
11/15/2022 15:54:00,0.0185
11/15/2022 15:54:01,0.0185
11/15/2022 15:54:02,0.0185
11/15/2022 15:54:03,0.0185
11/15/2022 15:54:04,0.1227
11/15/2022 15:54:05,0.1227
11/15/2022 15:54:06,0.1227
11/15/2022 15:54:07,0.1227
11/15/2022 15:54:08,0.1227
11/15/2022 15:54:09,0.1418
11/15/2022 15:54:10,0.1418
11/15/2022 15:54:11,0.1418
11/15/2022 15:54:12,0.1418
11/15/2022 15:54:13,0.1418
11/15/2022 15:54:14,0.1418
11/15/2022 15:54:15,0.1418
11/15/2022 15:54:16,0.1418
11/15/2022 15:54:17,0.1418
11/15/2022 15:54:18,0.1418
11/15/2022 15:54:19,0.1468
11/15/2022 15:54:20,0.1468
11/15/2022 15:54:21,0.1468
11/15/2022 15:54:22,0.1468
11/15/2022 15:54:23,0.1468
11/15/2022 15:54:24,0.0695
11/15/2022 15:54:25,0.0695
11/15/2022 15:54:26,0.0695
11/15/2022 15:54:27,0.0695
11/15/2022 15:54:28,0.0695
11/15/2022 15:54:29,0.1427
11/15/2022 15:54:30,0.1427
11/15/2022 15:54:31,0.1427
11/15/2022 15:54:32,0.1427
11/15/2022 15:54:33,0.1427
11/15/2022 15:54:34,0.1414
11/15/2022 15:54:35,0.1414
11/15/2022 15:54:36,0.1414
11/15/2022 15:54:37,0.1414
11/15/2022 15:54:38,0.1414
11/15/2022 15:54:39,0.1457
11/15/2022 15:54:40,0.1457
11/15/2022 15:54:41,0.1457
11/15/2022 15:54:42,0.1457
11/15/2022 15:54:43,0.1457
11/15/2022 15:54:44,0.1438
11/15/2022 15:54:45,0.1438
11/15/2022 15:54:46,0.1438
11/15/2022 15:54:47,0.1438
11/15/2022 15:54:48,0.1438
11/15/2022 15:54:49,0.1442
11/15/2022 15:54:50,0.1442
11/15/2022 15:54:51,0.1442
11/15/2022 15:54:52,0.1442
11/15/2022 15:54:53,0.1442
11/15/2022 15:54:54,0.1504
11/15/2022 15:54:55,0.1504
11/15/2022 15:54:56,0.1504
11/15/2022 15:54:57,0.1504
11/15/2022 15:54:58,0.1504
11/15/2022 15:54:59,0.1517
11/15/2022 15:55:00,0.1517
11/15/2022 15:55:01,0.1517
11/15/2022 15:55:02,0.1517
11/15/2022 15:55:03,0.1517
11/15/2022 15:55:04,0.1609
11/15/2022 15:55:05,0.1609
11/15/2022 15:55:06,0.1609
11/15/2022 15:55:07,0.1609
11/15/2022 15:55:08,0.1609
11/15/2022 15:55:09,0.1477
11/15/2022 15:55:10,0.1477
11/15/2022 15:55:11,0.1477
11/15/2022 15:55:12,0.1477
11/15/2022 15:55:13,0.1477
11/15/2022 15:55:14,0.1479
11/15/2022 15:55:15,0.1479
11/15/2022 15:55:16,0.1479
11/15/2022 15:55:17,0.1479
11/15/2022 15:55:18,0.1479
11/15/2022 15:55:19,0.1491
11/15/2022 15:55:20,0.1491
11/15/2022 15:55:21,0.1491
11/15/2022 15:55:22,0.1491
11/15/2022 15:55:23,0.1491
11/15/2022 15:55:24,0.1426
11/15/2022 15:55:25,0.1426
11/15/2022 15:55:26,0.1426
11/15/2022 15:55:27,0.1426
11/15/2022 15:55:28,0.1426
11/15/2022 15:55:29,0.1422
11/15/2022 15:55:30,0.1422
11/15/2022 15:55:31,0.1422
11/15/2022 15:55:32,0.1422
11/15/2022 15:55:33,0.1422
11/15/2022 15:55:34,0.1424
11/15/2022 15:55:35,0.1424
11/15/2022 15:55:36,0.1424
11/15/2022 15:55:37,0.1424
11/15/2022 15:55:38,0.1424
11/15/2022 15:55:39,0.1429
11/15/2022 15:55:40,0.1429
11/15/2022 15:55:41,0.1429
11/15/2022 15:55:42,0.1429
11/15/2022 15:55:43,0.1429
11/15/2022 15:55:44,0.1406
11/15/2022 15:55:45,0.1406
11/15/2022 15:55:46,0.1406
11/15/2022 15:55:47,0.1406
11/15/2022 15:55:48,0.1406
11/15/2022 15:55:49,0
11/15/2022 15:55:50,0
11/15/2022 15:55:51,0
11/15/2022 15:55:52,0
11/15/2022 15:55:53,0
11/15/2022 15:55:54,0.0347
11/15/2022 15:55:55,0.0347
11/15/2022 15:55:56,0.0347
11/15/2022 15:55:57,0.0347
11/15/2022 15:55:58,0.0347
11/15/2022 15:55:59,0.1296
11/15/2022 15:56:00,0.1296
11/15/2022 15:56:01,0.1296
11/15/2022 15:56:02,0.1296
11/15/2022 15:56:03,0.1296
11/15/2022 15:56:04,0.1424
11/15/2022 15:56:05,0.1424
11/15/2022 15:56:06,0.1424
11/15/2022 15:56:07,0.1424
11/15/2022 15:56:08,0.1424
11/15/2022 15:56:09,0.1419
11/15/2022 15:56:10,0.1419
11/15/2022 15:56:11,0.1419
11/15/2022 15:56:12,0.1419
11/15/2022 15:56:13,0.1419
11/15/2022 15:56:14,0.1459
11/15/2022 15:56:15,0.1459
11/15/2022 15:56:16,0.1459
11/15/2022 15:56:17,0.1459
11/15/2022 15:56:18,0.1459
11/15/2022 15:56:19,0.1477
11/15/2022 15:56:20,0.1477
11/15/2022 15:56:21,0.1477
11/15/2022 15:56:22,0.1477
11/15/2022 15:56:23,0.1477
11/15/2022 15:56:24,0.1458
11/15/2022 15:56:25,0.1458
11/15/2022 15:56:26,0.1458
11/15/2022 15:56:27,0.1458
11/15/2022 15:56:28,0.1458
11/15/2022 15:56:29,0.1474
11/15/2022 15:56:30,0.1474
11/15/2022 15:56:31,0.1474
11/15/2022 15:56:32,0.1474
11/15/2022 15:56:33,0.1474
11/15/2022 15:56:34,0.1426
11/15/2022 15:56:35,0.1426
11/15/2022 15:56:36,0.1426
11/15/2022 15:56:37,0.1426
11/15/2022 15:56:38,0.1426
11/15/2022 15:56:39,0.1426
11/15/2022 15:56:40,0.1426
11/15/2022 15:56:41,0.1426
11/15/2022 15:56:42,0.1426
11/15/2022 15:56:43,0.1426
11/15/2022 15:56:44,0.1429
11/15/2022 15:56:45,0.1429
11/15/2022 15:56:46,0.1429
11/15/2022 15:56:47,0.1429
11/15/2022 15:56:48,0.1429
11/15/2022 15:56:49,0.1409
11/15/2022 15:56:50,0.1409
11/15/2022 15:56:51,0.1409
11/15/2022 15:56:52,0.1409
11/15/2022 15:56:53,0.1409
11/15/2022 15:56:54,0.0943
11/15/2022 15:56:55,0.0943
11/15/2022 15:56:56,0.0943
11/15/2022 15:56:57,0.0943
11/15/2022 15:56:58,0.0943
11/15/2022 15:56:59,0.143
11/15/2022 15:57:00,0.143
11/15/2022 15:57:01,0.143
11/15/2022 15:57:02,0.143
11/15/2022 15:57:03,0.143
11/15/2022 15:57:04,0.1427
11/15/2022 15:57:05,0.1427
11/15/2022 15:57:06,0.1427
11/15/2022 15:57:07,0.1427
11/15/2022 15:57:08,0.1427
11/15/2022 15:57:09,0.149
11/15/2022 15:57:10,0.149
11/15/2022 15:57:11,0.149
11/15/2022 15:57:12,0.149
11/15/2022 15:57:13,0.149
11/15/2022 15:57:14,0.1527
11/15/2022 15:57:15,0.1527
11/15/2022 15:57:16,0.1527
11/15/2022 15:57:17,0.1527
11/15/2022 15:57:18,0.1527
11/15/2022 15:57:19,0.1527
11/15/2022 15:57:20,0.1527
11/15/2022 15:57:21,0.1527
11/15/2022 15:57:22,0.1527
11/15/2022 15:57:23,0.1527
11/15/2022 15:57:24,0.1442
11/15/2022 15:57:25,0.1442
11/15/2022 15:57:26,0.1442
11/15/2022 15:57:27,0.1442
11/15/2022 15:57:28,0.1442
11/15/2022 15:57:29,0.146
11/15/2022 15:57:30,0.146
11/15/2022 15:57:31,0.146
11/15/2022 15:57:32,0.146
11/15/2022 15:57:33,0.146
11/15/2022 15:57:34,0.1603
11/15/2022 15:57:35,0.1603
11/15/2022 15:57:36,0.1603
11/15/2022 15:57:37,0.1603
11/15/2022 15:57:38,0.1603
11/15/2022 15:57:39,0.1536
11/15/2022 15:57:40,0.1536
11/15/2022 15:57:41,0.1536
11/15/2022 15:57:42,0.1536
11/15/2022 15:57:43,0.1536
11/15/2022 15:57:44,0.1483
11/15/2022 15:57:45,0.1483
11/15/2022 15:57:46,0.1483
11/15/2022 15:57:47,0.1483
11/15/2022 15:57:48,0.1483
11/15/2022 15:57:49,0.1483
11/15/2022 15:57:50,0.1483
11/15/2022 15:57:51,0.1483
11/15/2022 15:57:52,0.1483
11/15/2022 15:57:53,0.1483
11/15/2022 15:57:54,0.1456
11/15/2022 15:57:55,0.1456
11/15/2022 15:57:56,0.1456
11/15/2022 15:57:57,0.1456
11/15/2022 15:57:58,0.1456
11/15/2022 15:57:59,0.1437
11/15/2022 15:58:00,0.1437
11/15/2022 15:58:01,0.1437
11/15/2022 15:58:02,0.1437
11/15/2022 15:58:03,0.1437
11/15/2022 15:58:04,0.1489
11/15/2022 15:58:05,0.1489
11/15/2022 15:58:06,0.1489
11/15/2022 15:58:07,0.1489
11/15/2022 15:58:08,0.1489
11/15/2022 15:58:09,0.1467
11/15/2022 15:58:10,0.1467
11/15/2022 15:58:11,0.1467
11/15/2022 15:58:12,0.1467
11/15/2022 15:58:13,0.1467
11/15/2022 15:58:14,0.1591
11/15/2022 15:58:15,0.1591
11/15/2022 15:58:16,0.1591
11/15/2022 15:58:17,0.1591
11/15/2022 15:58:18,0.1591
11/15/2022 15:58:19,0.1468
11/15/2022 15:58:20,0.1468
11/15/2022 15:58:21,0.1468
11/15/2022 15:58:22,0.1468
11/15/2022 15:58:23,0.1468
11/15/2022 15:58:24,0.1484
11/15/2022 15:58:25,0.1484
11/15/2022 15:58:26,0.1484
11/15/2022 15:58:27,0.1484
11/15/2022 15:58:28,0.1484
11/15/2022 15:58:29,0.1415
11/15/2022 15:58:30,0.1415
11/15/2022 15:58:31,0.1415
11/15/2022 15:58:32,0.1415
11/15/2022 15:58:33,0.1415
11/15/2022 15:58:34,0.0235
11/15/2022 15:58:35,0.0235
11/15/2022 15:58:36,0.0235
11/15/2022 15:58:37,0.0235
11/15/2022 15:58:38,0.0235
11/15/2022 15:58:39,0.1375
11/15/2022 15:58:40,0.1375
11/15/2022 15:58:41,0.1375
11/15/2022 15:58:42,0.1375
11/15/2022 15:58:43,0.1375
11/15/2022 15:58:44,0.1437
11/15/2022 15:58:45,0.1437
11/15/2022 15:58:46,0.1437
11/15/2022 15:58:47,0.1437
11/15/2022 15:58:48,0.1437
11/15/2022 15:58:49,0.1437
11/15/2022 15:58:50,0.1437
11/15/2022 15:58:51,0.1437
11/15/2022 15:58:52,0.1437
11/15/2022 15:58:53,0.1437
11/15/2022 15:58:54,0.1439
11/15/2022 15:58:55,0.1439
11/15/2022 15:58:56,0.1439
11/15/2022 15:58:57,0.1439
11/15/2022 15:58:58,0.1439
11/15/2022 15:58:59,0.144
11/15/2022 15:59:00,0.144
11/15/2022 15:59:01,0.144
11/15/2022 15:59:02,0.144
11/15/2022 15:59:03,0.144
11/15/2022 15:59:04,0.1463
11/15/2022 15:59:05,0.1463
11/15/2022 15:59:06,0.1463
11/15/2022 15:59:07,0.1463
11/15/2022 15:59:08,0.1463
11/15/2022 15:59:09,0.1442
11/15/2022 15:59:10,0.1442
11/15/2022 15:59:11,0.1442
11/15/2022 15:59:12,0.1442
11/15/2022 15:59:13,0.1442
11/15/2022 15:59:14,0.1445
11/15/2022 15:59:15,0.1445
11/15/2022 15:59:16,0.1445
11/15/2022 15:59:17,0.1445
11/15/2022 15:59:18,0.1445
11/15/2022 15:59:19,0.144
11/15/2022 15:59:20,0.144
11/15/2022 15:59:21,0.144
11/15/2022 15:59:22,0.144
11/15/2022 15:59:23,0.144
11/15/2022 15:59:24,0.144
11/15/2022 15:59:25,0.144
11/15/2022 15:59:26,0.144
11/15/2022 15:59:27,0.144
11/15/2022 15:59:28,0.144
11/15/2022 15:59:29,0.1443
11/15/2022 15:59:30,0.1443
11/15/2022 15:59:31,0.1443
11/15/2022 15:59:32,0.1443
11/15/2022 15:59:33,0.1443
11/15/2022 15:59:34,0.1443
11/15/2022 15:59:35,0.1443
11/15/2022 15:59:36,0.1443
11/15/2022 15:59:37,0.1443
11/15/2022 15:59:38,0.1443
11/15/2022 15:59:39,0.144
11/15/2022 15:59:40,0.144
11/15/2022 15:59:41,0.144
11/15/2022 15:59:42,0.144
11/15/2022 15:59:43,0.144
11/15/2022 15:59:44,0.1452
11/15/2022 15:59:45,0.1452
11/15/2022 15:59:46,0.1452
11/15/2022 15:59:47,0.1452
11/15/2022 15:59:48,0.1452
11/15/2022 15:59:49,0.1452
11/15/2022 15:59:50,0.1452
11/15/2022 15:59:51,0.1452
11/15/2022 15:59:52,0.1452
11/15/2022 15:59:53,0.1452
11/15/2022 15:59:54,0.1452
11/15/2022 15:59:55,0.1452
11/15/2022 15:59:56,0.1452
11/15/2022 15:59:57,0.1452
11/15/2022 15:59:58,0.1452
11/15/2022 15:59:59,0.1496
11/15/2022 16:00:00,0.1496
11/15/2022 16:00:01,0.1496
11/15/2022 16:00:02,0.1496
11/15/2022 16:00:03,0.1496
11/15/2022 16:00:04,0.1468
11/15/2022 16:00:05,0.1468
11/15/2022 16:00:06,0.1468
11/15/2022 16:00:07,0.1468
11/15/2022 16:00:08,0.1468
11/15/2022 16:00:09,0.1444
11/15/2022 16:00:10,0.1444
11/15/2022 16:00:11,0.1444
11/15/2022 16:00:12,0.1444
11/15/2022 16:00:13,0.1444
11/15/2022 16:00:14,0.1444
11/15/2022 16:00:15,0.1444
11/15/2022 16:00:16,0.1444
11/15/2022 16:00:17,0.1444
11/15/2022 16:00:18,0.1444
11/15/2022 16:00:19,0.1444
11/15/2022 16:00:20,0.1444
11/15/2022 16:00:21,0.1444
11/15/2022 16:00:22,0.1444
11/15/2022 16:00:23,0.1444
11/15/2022 16:00:24,0.1444
11/15/2022 16:00:25,0.1444
11/15/2022 16:00:26,0.1444
11/15/2022 16:00:27,0.1444
11/15/2022 16:00:28,0.1444
11/15/2022 16:00:29,0.1444
11/15/2022 16:00:30,0.1444
11/15/2022 16:00:31,0.1444
11/15/2022 16:00:32,0.1444
11/15/2022 16:00:33,0.1444
11/15/2022 16:00:34,0.1444
11/15/2022 16:00:35,0.1444
11/15/2022 16:00:36,0.1444
11/15/2022 16:00:37,0.1444
11/15/2022 16:00:38,0.1444
11/15/2022 16:00:39,0.1444
11/15/2022 16:00:40,0.1444
11/15/2022 16:00:41,0.1444
11/15/2022 16:00:42,0.1444
11/15/2022 16:00:43,0.1444
11/15/2022 16:00:44,0.1447
11/15/2022 16:00:45,0.1447
11/15/2022 16:00:46,0.1447
11/15/2022 16:00:47,0.1447
11/15/2022 16:00:48,0.1447
11/15/2022 16:00:49,0.1444
11/15/2022 16:00:50,0.1444
11/15/2022 16:00:51,0.1444
11/15/2022 16:00:52,0.1444
11/15/2022 16:00:53,0.1444
11/15/2022 16:00:54,0.1475
11/15/2022 16:00:55,0.1475
11/15/2022 16:00:56,0.1475
11/15/2022 16:00:57,0.1475
11/15/2022 16:00:58,0.1475
11/15/2022 16:00:59,0.1475
11/15/2022 16:01:00,0.1475
11/15/2022 16:01:01,0.1475
11/15/2022 16:01:02,0.1475
11/15/2022 16:01:03,0.1475
11/15/2022 16:01:04,0.1475
11/15/2022 16:01:05,0.1475
11/15/2022 16:01:06,0.1475
11/15/2022 16:01:07,0.1475
11/15/2022 16:01:08,0.1475
11/15/2022 16:01:09,0.1475
11/15/2022 16:01:10,0.1475
11/15/2022 16:01:11,0.1475
11/15/2022 16:01:12,0.1475
11/15/2022 16:01:13,0.1475
11/15/2022 16:01:14,0.1475
11/15/2022 16:01:15,0.1475
11/15/2022 16:01:16,0.1475
11/15/2022 16:01:17,0.1475
11/15/2022 16:01:18,0.1475
11/15/2022 16:01:19,0.1475
11/15/2022 16:01:20,0.1475
11/15/2022 16:01:21,0.1475
11/15/2022 16:01:22,0.1475
11/15/2022 16:01:23,0.1475
11/15/2022 16:01:24,0.1005
11/15/2022 16:01:25,0.1005
11/15/2022 16:01:26,0.1005
11/15/2022 16:01:27,0.1005
11/15/2022 16:01:28,0.1005
11/15/2022 16:01:29,0.1005
11/15/2022 16:01:30,0.1005
11/15/2022 16:01:31,0.1005
11/15/2022 16:01:32,0.1005
11/15/2022 16:01:33,0.1005
11/15/2022 16:01:34,0.1005
11/15/2022 16:01:35,0.1005
11/15/2022 16:01:36,0.1005
11/15/2022 16:01:37,0.1005
11/15/2022 16:01:38,0.1005
11/15/2022 16:01:39,0.1005
11/15/2022 16:01:40,0.1005
11/15/2022 16:01:41,0.1005
11/15/2022 16:01:42,0.1005
11/15/2022 16:01:43,0.1005
11/15/2022 16:01:44,0.1005
11/15/2022 16:01:45,0.1005
11/15/2022 16:01:46,0.1005
11/15/2022 16:01:47,0.1005
11/15/2022 16:01:48,0.1005
11/15/2022 16:01:49,0.1005
11/15/2022 16:01:50,0.1005
11/15/2022 16:01:51,0.1005
11/15/2022 16:01:52,0.1005
11/15/2022 16:01:53,0.1005
11/15/2022 16:01:54,0.0254
11/15/2022 16:01:55,0.0254
11/15/2022 16:01:56,0.0254
11/15/2022 16:01:57,0.0254
11/15/2022 16:01:58,0.0254
11/15/2022 16:01:59,0.0254
11/15/2022 16:02:00,0.0254
11/15/2022 16:02:01,0.0254
11/15/2022 16:02:02,0.0254
11/15/2022 16:02:03,0.0254
11/15/2022 16:02:04,0.0254
11/15/2022 16:02:05,0.0254
11/15/2022 16:02:06,0.0254
11/15/2022 16:02:07,0.0254
11/15/2022 16:02:08,0.0254
11/15/2022 16:02:09,0.0254
11/15/2022 16:02:10,0.0254
11/15/2022 16:02:11,0.0254
11/15/2022 16:02:12,0.0254
11/15/2022 16:02:13,0.0254
11/15/2022 16:02:14,0.0254
11/15/2022 16:02:15,0.0254
11/15/2022 16:02:16,0.0254
11/15/2022 16:02:17,0.0254
11/15/2022 16:02:18,0.0254
11/15/2022 16:02:19,0.0254
11/15/2022 16:02:20,0.0254
11/15/2022 16:02:21,0.0254
11/15/2022 16:02:22,0.0254
11/15/2022 16:02:23,0.0254
11/15/2022 16:02:24,0.0283
11/15/2022 16:02:25,0.0283
11/15/2022 16:02:26,0.0283
11/15/2022 16:02:27,0.0283
11/15/2022 16:02:28,0.0283
11/15/2022 16:02:29,0.0283
11/15/2022 16:02:30,0.0283
11/15/2022 16:02:31,0.0283
11/15/2022 16:02:32,0.0283
11/15/2022 16:02:33,0.0283
11/15/2022 16:02:34,0.0283
11/15/2022 16:02:35,0.0283
11/15/2022 16:02:36,0.0283
11/15/2022 16:02:37,0.0283
11/15/2022 16:02:38,0.0283
11/15/2022 16:02:39,0.0283
11/15/2022 16:02:40,0.0283
11/15/2022 16:02:41,0.0283
11/15/2022 16:02:42,0.0283
11/15/2022 16:02:43,0.0283
11/15/2022 16:02:44,0.0283
11/15/2022 16:02:45,0.0283
11/15/2022 16:02:46,0.0283
11/15/2022 16:02:47,0.0283
11/15/2022 16:02:48,0.0283
11/15/2022 16:02:49,0.0283
11/15/2022 16:02:50,0.0283
11/15/2022 16:02:51,0.0283
11/15/2022 16:02:52,0.0283
11/15/2022 16:02:53,0.0283
11/15/2022 16:02:54,0.0238
11/15/2022 16:02:55,0.0238
11/15/2022 16:02:56,0.0238
11/15/2022 16:02:57,0.0238
11/15/2022 16:02:58,0.0238
11/15/2022 16:02:59,0.0238
11/15/2022 16:03:00,0.0238
11/15/2022 16:03:01,0.0238
11/15/2022 16:03:02,0.0238
11/15/2022 16:03:03,0.0238
11/15/2022 16:03:04,0.0238
11/15/2022 16:03:05,0.0238
11/15/2022 16:03:06,0.0238
11/15/2022 16:03:07,0.0238
11/15/2022 16:03:08,0.0238
11/15/2022 16:03:09,0.0238
11/15/2022 16:03:10,0.0238
11/15/2022 16:03:11,0.0238
11/15/2022 16:03:12,0.0238
11/15/2022 16:03:13,0.0238
11/15/2022 16:03:14,0.0238
11/15/2022 16:03:15,0.0238
11/15/2022 16:03:16,0.0238
11/15/2022 16:03:17,0.0238
11/15/2022 16:03:18,0.0238
11/15/2022 16:03:19,0.0238
11/15/2022 16:03:20,0.0238
11/15/2022 16:03:21,0.0238
11/15/2022 16:03:22,0.0238
11/15/2022 16:03:23,0.0238
11/15/2022 16:03:24,0.025
11/15/2022 16:03:25,0.025
11/15/2022 16:03:26,0.025
11/15/2022 16:03:27,0.025
11/15/2022 16:03:28,0.025
11/15/2022 16:03:29,0.025
11/15/2022 16:03:30,0.025
11/15/2022 16:03:31,0.025
11/15/2022 16:03:32,0.025
11/15/2022 16:03:33,0.025
11/15/2022 16:03:34,0.025
11/15/2022 16:03:35,0.025
11/15/2022 16:03:36,0.025
11/15/2022 16:03:37,0.025
11/15/2022 16:03:38,0.025
11/15/2022 16:03:39,0.025
11/15/2022 16:03:40,0.025
11/15/2022 16:03:41,0.025
11/15/2022 16:03:42,0.025
11/15/2022 16:03:43,0.025
11/15/2022 16:03:44,0.025
11/15/2022 16:03:45,0.025
11/15/2022 16:03:46,0.025
11/15/2022 16:03:47,0.025
11/15/2022 16:03:48,0.025
11/15/2022 16:03:49,0.025
11/15/2022 16:03:50,0.025
11/15/2022 16:03:51,0.025
11/15/2022 16:03:52,0.025
11/15/2022 16:03:53,0.025
11/15/2022 16:03:54,0.0204
11/15/2022 16:03:55,0.0204
11/15/2022 16:03:56,0.0204
11/15/2022 16:03:57,0.0204
11/15/2022 16:03:58,0.0204
11/15/2022 16:03:59,0.0204
11/15/2022 16:04:00,0.0204
11/15/2022 16:04:01,0.0204
11/15/2022 16:04:02,0.0204
11/15/2022 16:04:03,0.0204
11/15/2022 16:04:04,0.0204
11/15/2022 16:04:05,0.0204
11/15/2022 16:04:06,0.0204
11/15/2022 16:04:07,0.0204
11/15/2022 16:04:08,0.0204
11/15/2022 16:04:09,0.0204
11/15/2022 16:04:10,0.0204
11/15/2022 16:04:11,0.0204
11/15/2022 16:04:12,0.0204
11/15/2022 16:04:13,0.0204
11/15/2022 16:04:14,0.0204
11/15/2022 16:04:15,0.0204
11/15/2022 16:04:16,0.0204
11/15/2022 16:04:17,0.0204
11/15/2022 16:04:18,0.0204
11/15/2022 16:04:19,0.0204
11/15/2022 16:04:20,0.0204
11/15/2022 16:04:21,0.0204
11/15/2022 16:04:22,0.0204
11/15/2022 16:04:23,0.0204
11/15/2022 16:04:24,0.0185
11/15/2022 16:04:25,0.0185
11/15/2022 16:04:26,0.0185
11/15/2022 16:04:27,0.0185
11/15/2022 16:04:28,0.0185
11/15/2022 16:04:29,0.0185
11/15/2022 16:04:30,0.0185
11/15/2022 16:04:31,0.0185
11/15/2022 16:04:32,0.0185
11/15/2022 16:04:33,0.0185
11/15/2022 16:04:34,0.0185
11/15/2022 16:04:35,0.0185
11/15/2022 16:04:36,0.0185
11/15/2022 16:04:37,0.0185
11/15/2022 16:04:38,0.0185
11/15/2022 16:04:39,0.0185
11/15/2022 16:04:40,0.0185
11/15/2022 16:04:41,0.0185
11/15/2022 16:04:42,0.0185
11/15/2022 16:04:43,0.0185
11/15/2022 16:04:44,0.0185
11/15/2022 16:04:45,0.0185
11/15/2022 16:04:46,0.0185
11/15/2022 16:04:47,0.0185
11/15/2022 16:04:48,0.0185
11/15/2022 16:04:49,0.0185
11/15/2022 16:04:50,0.0185
11/15/2022 16:04:51,0.0185
11/15/2022 16:04:52,0.0185
11/15/2022 16:04:53,0.0185
11/15/2022 16:04:54,0.0211
11/15/2022 16:04:55,0.0211
11/15/2022 16:04:56,0.0211
11/15/2022 16:04:57,0.0211
11/15/2022 16:04:58,0.0211
11/15/2022 16:04:59,0.0211
11/15/2022 16:05:00,0.0211
11/15/2022 16:05:01,0.0211
11/15/2022 16:05:02,0.0211
11/15/2022 16:05:03,0.0211
11/15/2022 16:05:04,0.0211
11/15/2022 16:05:05,0.0211
11/15/2022 16:05:06,0.0211
11/15/2022 16:05:07,0.0211
11/15/2022 16:05:08,0.0211
11/15/2022 16:05:09,0.0211
11/15/2022 16:05:10,0.0211
11/15/2022 16:05:11,0.0211
11/15/2022 16:05:12,0.0211
11/15/2022 16:05:13,0.0211
11/15/2022 16:05:14,0.0211
11/15/2022 16:05:15,0.0211
11/15/2022 16:05:16,0.0211
11/15/2022 16:05:17,0.0211
11/15/2022 16:05:18,0.0211
11/15/2022 16:05:19,0.0211
11/15/2022 16:05:20,0.0211
11/15/2022 16:05:21,0.0211
11/15/2022 16:05:22,0.0211
11/15/2022 16:05:23,0.0211
11/15/2022 16:05:24,0.0211
11/15/2022 16:05:25,0.0211
11/15/2022 16:05:26,0.0211
11/15/2022 16:05:27,0.0211
11/15/2022 16:05:28,0.0211
11/15/2022 16:05:29,0.0211
11/15/2022 16:05:30,0.0211
11/15/2022 16:05:31,0.0211
11/15/2022 16:05:32,0.0211
11/15/2022 16:05:33,0.0211
11/15/2022 16:05:34,0.0211
11/15/2022 16:05:35,0.0211
11/15/2022 16:05:36,0.0211
11/15/2022 16:05:37,0.0211
11/15/2022 16:05:38,0.0211
11/15/2022 16:05:39,0.0211
11/15/2022 16:05:40,0.0211
11/15/2022 16:05:41,0.0211
11/15/2022 16:05:42,0.0211
11/15/2022 16:05:43,0.0211
11/15/2022 16:05:44,0.0211
11/15/2022 16:05:45,0.0211
11/15/2022 16:05:46,0.0211
11/15/2022 16:05:47,0.0211
11/15/2022 16:05:48,0.0211
11/15/2022 16:05:49,0.0211
11/15/2022 16:05:50,0.0211
11/15/2022 16:05:51,0.0211
11/15/2022 16:05:52,0.0211
11/15/2022 16:05:53,0.0211
11/15/2022 16:05:54,0.022
11/15/2022 16:05:55,0.022
11/15/2022 16:05:56,0.022
11/15/2022 16:05:57,0.022
11/15/2022 16:05:58,0.022
11/15/2022 16:05:59,0.022
11/15/2022 16:06:00,0.022
11/15/2022 16:06:01,0.022
11/15/2022 16:06:02,0.022
11/15/2022 16:06:03,0.022
11/15/2022 16:06:04,0.022
11/15/2022 16:06:05,0.022
11/15/2022 16:06:06,0.022
11/15/2022 16:06:07,0.022
11/15/2022 16:06:08,0.022
11/15/2022 16:06:09,0.022
11/15/2022 16:06:10,0.022
11/15/2022 16:06:11,0.022
11/15/2022 16:06:12,0.022
11/15/2022 16:06:13,0.022
11/15/2022 16:06:14,0.022
11/15/2022 16:06:15,0.022
11/15/2022 16:06:16,0.022
11/15/2022 16:06:17,0.022
11/15/2022 16:06:18,0.022
11/15/2022 16:06:19,0.022
11/15/2022 16:06:20,0.022
11/15/2022 16:06:21,0.022
11/15/2022 16:06:22,0.022
11/15/2022 16:06:23,0.022
11/15/2022 16:06:24,0.0299
11/15/2022 16:06:25,0.0299
11/15/2022 16:06:26,0.0299
11/15/2022 16:06:27,0.0299
11/15/2022 16:06:28,0.0299
11/15/2022 16:06:29,0.0299
11/15/2022 16:06:30,0.0299
11/15/2022 16:06:31,0.0299
11/15/2022 16:06:32,0.0299
11/15/2022 16:06:33,0.0299
11/15/2022 16:06:34,0.0299
11/15/2022 16:06:35,0.0299
11/15/2022 16:06:36,0.0299
11/15/2022 16:06:37,0.0299
11/15/2022 16:06:38,0.0299
11/15/2022 16:06:39,0.0299
11/15/2022 16:06:40,0.0299
11/15/2022 16:06:41,0.0299
11/15/2022 16:06:42,0.0299
11/15/2022 16:06:43,0.0299
11/15/2022 16:06:44,0.0299
11/15/2022 16:06:45,0.0299
11/15/2022 16:06:46,0.0299
11/15/2022 16:06:47,0.0299
11/15/2022 16:06:48,0.0299
11/15/2022 16:06:49,0.0482
11/15/2022 16:06:50,0.0482
11/15/2022 16:06:51,0.0482
11/15/2022 16:06:52,0.0482
11/15/2022 16:06:53,0.0482
11/15/2022 16:06:54,0.0449
11/15/2022 16:06:55,0.0449
11/15/2022 16:06:56,0.0449
11/15/2022 16:06:57,0.0449
11/15/2022 16:06:58,0.0449
11/15/2022 16:06:59,0.045
11/15/2022 16:07:00,0.045
11/15/2022 16:07:01,0.045
11/15/2022 16:07:02,0.045
11/15/2022 16:07:03,0.045
11/15/2022 16:07:04,0.0431
11/15/2022 16:07:05,0.0431
11/15/2022 16:07:06,0.0431
11/15/2022 16:07:07,0.0431
11/15/2022 16:07:08,0.0431
11/15/2022 16:07:09,0.0438
11/15/2022 16:07:10,0.0438
11/15/2022 16:07:11,0.0438
11/15/2022 16:07:12,0.0438
11/15/2022 16:07:13,0.0438
11/15/2022 16:07:14,0.0438
11/15/2022 16:07:15,0.0438
11/15/2022 16:07:16,0.0438
11/15/2022 16:07:17,0.0438
11/15/2022 16:07:18,0.0438
11/15/2022 16:07:19,0.0453
11/15/2022 16:07:20,0.0453
11/15/2022 16:07:21,0.0453
11/15/2022 16:07:22,0.0453
11/15/2022 16:07:23,0.0453
11/15/2022 16:07:24,0.0442
11/15/2022 16:07:25,0.0442
11/15/2022 16:07:26,0.0442
11/15/2022 16:07:27,0.0442
11/15/2022 16:07:28,0.0442
11/15/2022 16:07:29,0.0447
11/15/2022 16:07:30,0.0447
11/15/2022 16:07:31,0.0447
11/15/2022 16:07:32,0.0447
11/15/2022 16:07:33,0.0447
11/15/2022 16:07:34,0.0424
11/15/2022 16:07:35,0.0424
11/15/2022 16:07:36,0.0424
11/15/2022 16:07:37,0.0424
11/15/2022 16:07:38,0.0424
11/15/2022 16:07:39,0.0252
11/15/2022 16:07:40,0.0252
11/15/2022 16:07:41,0.0252
11/15/2022 16:07:42,0.0252
11/15/2022 16:07:43,0.0252
11/15/2022 16:07:44,0.0309
11/15/2022 16:07:45,0.0309
11/15/2022 16:07:46,0.0309
11/15/2022 16:07:47,0.0309
11/15/2022 16:07:48,0.0309
11/15/2022 16:07:49,0.0172
11/15/2022 16:07:50,0.0172
11/15/2022 16:07:51,0.0172
11/15/2022 16:07:52,0.0172
11/15/2022 16:07:53,0.0172
11/15/2022 16:07:54,0.0236
11/15/2022 16:07:55,0.0236
11/15/2022 16:07:56,0.0236
11/15/2022 16:07:57,0.0236
11/15/2022 16:07:58,0.0236
11/15/2022 16:07:59,0.0168
11/15/2022 16:08:00,0.0168
11/15/2022 16:08:01,0.0168
11/15/2022 16:08:02,0.0168
11/15/2022 16:08:03,0.0168
11/15/2022 16:08:04,0.023
11/15/2022 16:08:05,0.023
11/15/2022 16:08:06,0.023
11/15/2022 16:08:07,0.023
11/15/2022 16:08:08,0.023
11/15/2022 16:08:09,0.024
11/15/2022 16:08:10,0.024
11/15/2022 16:08:11,0.024
11/15/2022 16:08:12,0.024
11/15/2022 16:08:13,0.024
11/15/2022 16:08:14,0.0205
11/15/2022 16:08:15,0.0205
11/15/2022 16:08:16,0.0205
11/15/2022 16:08:17,0.0205
11/15/2022 16:08:18,0.0205
11/15/2022 16:08:19,0.0217
11/15/2022 16:08:20,0.0217
11/15/2022 16:08:21,0.0217
11/15/2022 16:08:22,0.0217
11/15/2022 16:08:23,0.0217
11/15/2022 16:08:24,0.0228
11/15/2022 16:08:25,0.0228
11/15/2022 16:08:26,0.0228
11/15/2022 16:08:27,0.0228
11/15/2022 16:08:28,0.0228
11/15/2022 16:08:29,0.0177
11/15/2022 16:08:30,0.0177
11/15/2022 16:08:31,0.0177
11/15/2022 16:08:32,0.0177
11/15/2022 16:08:33,0.0177
11/15/2022 16:08:34,0.0275
11/15/2022 16:08:35,0.0275
11/15/2022 16:08:36,0.0275
11/15/2022 16:08:37,0.0275
11/15/2022 16:08:38,0.0275
11/15/2022 16:08:39,0.0278
11/15/2022 16:08:40,0.0278
11/15/2022 16:08:41,0.0278
11/15/2022 16:08:42,0.0278
11/15/2022 16:08:43,0.0278
11/15/2022 16:08:44,0.0291
11/15/2022 16:08:45,0.0291
11/15/2022 16:08:46,0.0291
11/15/2022 16:08:47,0.0291
11/15/2022 16:08:48,0.0291
11/15/2022 16:08:49,0.0259
11/15/2022 16:08:50,0.0259
11/15/2022 16:08:51,0.0259
11/15/2022 16:08:52,0.0259
11/15/2022 16:08:53,0.0259
11/15/2022 16:08:54,0.0233
11/15/2022 16:08:55,0.0233
11/15/2022 16:08:56,0.0233
11/15/2022 16:08:57,0.0233
11/15/2022 16:08:58,0.0233
11/15/2022 16:08:59,0.0271
11/15/2022 16:09:00,0.0271
11/15/2022 16:09:01,0.0271
11/15/2022 16:09:02,0.0271
11/15/2022 16:09:03,0.0271
11/15/2022 16:09:04,0.0245
11/15/2022 16:09:05,0.0245
11/15/2022 16:09:06,0.0245
11/15/2022 16:09:07,0.0245
11/15/2022 16:09:08,0.0245
11/15/2022 16:09:09,0.0223
11/15/2022 16:09:10,0.0223
11/15/2022 16:09:11,0.0223
11/15/2022 16:09:12,0.0223
11/15/2022 16:09:13,0.0223
11/15/2022 16:09:14,0.0169
11/15/2022 16:09:15,0.0169
11/15/2022 16:09:16,0.0169
11/15/2022 16:09:17,0.0169
11/15/2022 16:09:18,0.0169
11/15/2022 16:09:19,0.0167
11/15/2022 16:09:20,0.0167
11/15/2022 16:09:21,0.0167
11/15/2022 16:09:22,0.0167
11/15/2022 16:09:23,0.0167
11/15/2022 16:09:24,0.0165
11/15/2022 16:09:25,0.0165
11/15/2022 16:09:26,0.0165
11/15/2022 16:09:27,0.0165
11/15/2022 16:09:28,0.0165
11/15/2022 16:09:29,0.0165
11/15/2022 16:09:30,0.0165
11/15/2022 16:09:31,0.0165
11/15/2022 16:09:32,0.0165
11/15/2022 16:09:33,0.0165
11/15/2022 16:09:34,0.0163
11/15/2022 16:09:35,0.0163
11/15/2022 16:09:36,0.0163
11/15/2022 16:09:37,0.0163
11/15/2022 16:09:38,0.0163
11/15/2022 16:09:39,0.0161
11/15/2022 16:09:40,0.0161
11/15/2022 16:09:41,0.0161
11/15/2022 16:09:42,0.0161
11/15/2022 16:09:43,0.0161
11/15/2022 16:09:44,0.0192
11/15/2022 16:09:45,0.0192
11/15/2022 16:09:46,0.0192
11/15/2022 16:09:47,0.0192
11/15/2022 16:09:48,0.0192
11/15/2022 16:09:49,0.0227
11/15/2022 16:09:50,0.0227
11/15/2022 16:09:51,0.0227
11/15/2022 16:09:52,0.0227
11/15/2022 16:09:53,0.0227
11/15/2022 16:09:54,0.0215
11/15/2022 16:09:55,0.0215
11/15/2022 16:09:56,0.0215
11/15/2022 16:09:57,0.0215
11/15/2022 16:09:58,0.0215
11/15/2022 16:09:59,0.0244
11/15/2022 16:10:00,0.0244
11/15/2022 16:10:01,0.0244
11/15/2022 16:10:02,0.0244
11/15/2022 16:10:03,0.0244
11/15/2022 16:10:04,0.0164
11/15/2022 16:10:05,0.0164
11/15/2022 16:10:06,0.0164
11/15/2022 16:10:07,0.0164
11/15/2022 16:10:08,0.0164
11/15/2022 16:10:09,0.0204
11/15/2022 16:10:10,0.0204
11/15/2022 16:10:11,0.0204
11/15/2022 16:10:12,0.0204
11/15/2022 16:10:13,0.0204
11/15/2022 16:10:14,0.024
11/15/2022 16:10:15,0.024
11/15/2022 16:10:16,0.024
11/15/2022 16:10:17,0.024
11/15/2022 16:10:18,0.024
11/15/2022 16:10:19,0.0207
11/15/2022 16:10:20,0.0207
11/15/2022 16:10:21,0.0207
11/15/2022 16:10:22,0.0207
11/15/2022 16:10:23,0.0207
11/15/2022 16:10:24,0.0224
11/15/2022 16:10:25,0.0224
11/15/2022 16:10:26,0.0224
11/15/2022 16:10:27,0.0224
11/15/2022 16:10:28,0.0224
11/15/2022 16:10:29,0.0204
11/15/2022 16:10:30,0.0204
11/15/2022 16:10:31,0.0204
11/15/2022 16:10:32,0.0204
11/15/2022 16:10:33,0.0204
11/15/2022 16:10:34,0.0247
11/15/2022 16:10:35,0.0247
11/15/2022 16:10:36,0.0247
11/15/2022 16:10:37,0.0247
11/15/2022 16:10:38,0.0247
11/15/2022 16:10:39,0.0246
11/15/2022 16:10:40,0.0246
11/15/2022 16:10:41,0.0246
11/15/2022 16:10:42,0.0246
11/15/2022 16:10:43,0.0246
11/15/2022 16:10:44,0.0253
11/15/2022 16:10:45,0.0253
11/15/2022 16:10:46,0.0253
11/15/2022 16:10:47,0.0253
11/15/2022 16:10:48,0.0253
11/15/2022 16:10:49,0.0273
11/15/2022 16:10:50,0.0273
11/15/2022 16:10:51,0.0273
11/15/2022 16:10:52,0.0273
11/15/2022 16:10:53,0.0273
11/15/2022 16:10:54,0.0247
11/15/2022 16:10:55,0.0247
11/15/2022 16:10:56,0.0247
11/15/2022 16:10:57,0.0247
11/15/2022 16:10:58,0.0247
11/15/2022 16:10:59,0.0208
11/15/2022 16:11:00,0.0208
11/15/2022 16:11:01,0.0208
11/15/2022 16:11:02,0.0208
11/15/2022 16:11:03,0.0208
11/15/2022 16:11:04,0.0224
11/15/2022 16:11:05,0.0224
11/15/2022 16:11:06,0.0224
11/15/2022 16:11:07,0.0224
11/15/2022 16:11:08,0.0224
11/15/2022 16:11:09,0.023
11/15/2022 16:11:10,0.023
11/15/2022 16:11:11,0.023
11/15/2022 16:11:12,0.023
11/15/2022 16:11:13,0.023
11/15/2022 16:11:14,0.0263
11/15/2022 16:11:15,0.0263
11/15/2022 16:11:16,0.0263
11/15/2022 16:11:17,0.0263
11/15/2022 16:11:18,0.0263
11/15/2022 16:11:19,0.0256
11/15/2022 16:11:20,0.0256
11/15/2022 16:11:21,0.0256
11/15/2022 16:11:22,0.0256
11/15/2022 16:11:23,0.0256
11/15/2022 16:11:24,0.0163
11/15/2022 16:11:25,0.0163
11/15/2022 16:11:26,0.0163
11/15/2022 16:11:27,0.0163
11/15/2022 16:11:28,0.0163
11/15/2022 16:11:29,0.0196
11/15/2022 16:11:30,0.0196
11/15/2022 16:11:31,0.0196
11/15/2022 16:11:32,0.0196
11/15/2022 16:11:33,0.0196
11/15/2022 16:11:34,0.0237
11/15/2022 16:11:35,0.0237
11/15/2022 16:11:36,0.0237
11/15/2022 16:11:37,0.0237
11/15/2022 16:11:38,0.0237
11/15/2022 16:11:39,0.0223
11/15/2022 16:11:40,0.0223
11/15/2022 16:11:41,0.0223
11/15/2022 16:11:42,0.0223
11/15/2022 16:11:43,0.0223
11/15/2022 16:11:44,0.0226
11/15/2022 16:11:45,0.0226
11/15/2022 16:11:46,0.0226
11/15/2022 16:11:47,0.0226
11/15/2022 16:11:48,0.0226
11/15/2022 16:11:49,0.0237
11/15/2022 16:11:50,0.0237
11/15/2022 16:11:51,0.0237
11/15/2022 16:11:52,0.0237
11/15/2022 16:11:53,0.0237
11/15/2022 16:11:54,0.0231
11/15/2022 16:11:55,0.0231
11/15/2022 16:11:56,0.0231
11/15/2022 16:11:57,0.0231
11/15/2022 16:11:58,0.0231
11/15/2022 16:11:59,0.0207
11/15/2022 16:12:00,0.0207
11/15/2022 16:12:01,0.0207
11/15/2022 16:12:02,0.0207
11/15/2022 16:12:03,0.0207
11/15/2022 16:12:04,0.0184
11/15/2022 16:12:05,0.0184
11/15/2022 16:12:06,0.0184
11/15/2022 16:12:07,0.0184
11/15/2022 16:12:08,0.0184
11/15/2022 16:12:09,0.023
11/15/2022 16:12:10,0.023
11/15/2022 16:12:11,0.023
11/15/2022 16:12:12,0.023
11/15/2022 16:12:13,0.023
11/15/2022 16:12:14,0.0266
11/15/2022 16:12:15,0.0266
11/15/2022 16:12:16,0.0266
11/15/2022 16:12:17,0.0266
11/15/2022 16:12:18,0.0266
11/15/2022 16:12:19,0.0252
11/15/2022 16:12:20,0.0252
11/15/2022 16:12:21,0.0252
11/15/2022 16:12:22,0.0252
11/15/2022 16:12:23,0.0252
11/15/2022 16:12:24,0.0278
11/15/2022 16:12:25,0.0278
11/15/2022 16:12:26,0.0278
11/15/2022 16:12:27,0.0278
11/15/2022 16:12:28,0.0278
11/15/2022 16:12:29,0.0213
11/15/2022 16:12:30,0.0213
11/15/2022 16:12:31,0.0213
11/15/2022 16:12:32,0.0213
11/15/2022 16:12:33,0.0213
11/15/2022 16:12:34,0.021
11/15/2022 16:12:35,0.021
11/15/2022 16:12:36,0.021
11/15/2022 16:12:37,0.021
11/15/2022 16:12:38,0.021
11/15/2022 16:12:39,0.0208
11/15/2022 16:12:40,0.0208
11/15/2022 16:12:41,0.0208
11/15/2022 16:12:42,0.0208
11/15/2022 16:12:43,0.0208
11/15/2022 16:12:44,0.0203
11/15/2022 16:12:45,0.0203
11/15/2022 16:12:46,0.0203
11/15/2022 16:12:47,0.0203
11/15/2022 16:12:48,0.0203
11/15/2022 16:12:49,0.0225
11/15/2022 16:12:50,0.0225
11/15/2022 16:12:51,0.0225
11/15/2022 16:12:52,0.0225
11/15/2022 16:12:53,0.0225
11/15/2022 16:12:54,0.0204
11/15/2022 16:12:55,0.0204
11/15/2022 16:12:56,0.0204
11/15/2022 16:12:57,0.0204
11/15/2022 16:12:58,0.0204