timestamp,power
,apparent
1640995200,0
1640995201,0
1640995202,0
1640995203,0
1640995204,0
1640995205,0
1640995206,0
1640995207,0
1640995208,0
1640995209,0
1640995210,0
1640995211,0
1640995212,0
1640995213,0
1640995214,0
1640995215,0
1640995216,0
1640995217,0
1640995218,0
1640995219,0
1640995220,0
1640995221,0
1640995222,0
1640995223,0
1640995224,0
1640995225,0
1640995226,0
1640995227,0
1640995228,0
1640995229,0
1640995230,0
1640995231,0
1640995232,0
1640995233,0
1640995234,0
1640995235,0
1640995236,0
1640995237,0
1640995238,0
1640995239,0
1640995240,0
1640995241,0
1640995242,0
1640995243,0
1640995244,0
1640995245,0
1640995246,0
1640995247,0
1640995248,0
1640995249,0
1640995250,0
1640995251,0
1640995252,0
1640995253,0
1640995254,0
1640995255,0
1640995256,0
1640995257,0
1640995258,0
1640995259,0
1640995260,0
1640995261,0
1640995262,0
1640995263,0
1640995264,0
1640995265,0
1640995266,0
1640995267,0
1640995268,0
1640995269,0
1640995270,0
1640995271,0
1640995272,0
1640995273,0
1640995274,0
1640995275,0
1640995276,0
1640995277,0
1640995278,0
1640995279,0
1640995280,0
1640995281,0
1640995282,0
1640995283,0
1640995284,0
1640995285,0
1640995286,0
1640995287,0
1640995288,0
1640995289,0
1640995290,0
1640995291,0
1640995292,0
1640995293,0
1640995294,0
1640995295,0
1640995296,0
1640995297,0
1640995298,0
1640995299,0
1640995300,0
1640995301,0
1640995302,0
1640995303,0
1640995304,0
1640995305,0
1640995306,0
1640995307,0
1640995308,0
1640995309,0
1640995310,0
1640995311,0
1640995312,0
1640995313,0
1640995314,0
1640995315,0
1640995316,0
1640995317,0
1640995318,0
1640995319,0
1640995320,0
1640995321,0
1640995322,0
1640995323,0
1640995324,0
1640995325,0
1640995326,0
1640995327,0
1640995328,0
1640995329,0
1640995330,0
1640995331,0
1640995332,0
1640995333,0
1640995334,0
1640995335,0
1640995336,0
1640995337,0
1640995338,0
1640995339,0
1640995340,0
1640995341,0
1640995342,0
1640995343,0
1640995344,0
1640995345,0
1640995346,0
1640995347,0
1640995348,0
1640995349,0
1640995350,0
1640995351,0
1640995352,0
1640995353,29
1640995354,29
1640995355,29
1640995356,29
1640995357,29
1640995358,28
1640995359,28
1640995360,28
1640995361,28
1640995362,28
1640995363,28
1640995364,28
1640995365,28
1640995366,28
1640995367,28
1640995368,28
1640995369,28
1640995370,28
1640995371,28
1640995372,28
1640995373,28
1640995374,28
1640995375,28
1640995376,28
1640995377,28
1640995378,28
1640995379,28
1640995380,28
1640995381,28
1640995382,28
1640995383,28
1640995384,28
1640995385,28
1640995386,28
1640995387,28
1640995388,28
1640995389,28
1640995390,28
1640995391,28
1640995392,28
1640995393,28
1640995394,28
1640995395,28
1640995396,28
1640995397,28
1640995398,28
1640995399,28
1640995400,28
1640995401,28
1640995402,28
1640995403,28
1640995404,28
1640995405,28
1640995406,28
1640995407,28
1640995408,28
1640995409,28
1640995410,28
1640995411,28
1640995412,28
1640995413,28
1640995414,28
1640995415,28
1640995416,28
1640995417,28
1640995418,28
1640995419,28
1640995420,28
1640995421,28
1640995422,28
1640995423,25
1640995424,25
1640995425,25
1640995426,25
1640995427,25
1640995428,28
1640995429,28
1640995430,28
1640995431,28
1640995432,28
1640995433,28
1640995434,28
1640995435,28
1640995436,28
1640995437,28
1640995438,28
1640995439,28
1640995440,28
1640995441,28
1640995442,28
1640995443,28
1640995444,28
1640995445,28
1640995446,28
1640995447,28
1640995448,28
1640995449,28
1640995450,28
1640995451,28
1640995452,28
1640995453,28
1640995454,28
1640995455,28
1640995456,28
1640995457,28
1640995458,28
1640995459,28
1640995460,28
1640995461,28
1640995462,28
1640995463,28
1640995464,28
1640995465,28
1640995466,28
1640995467,28
1640995468,28
1640995469,28
1640995470,28
1640995471,28
1640995472,28
1640995473,28
1640995474,28
1640995475,28
1640995476,28
1640995477,28
1640995478,28
1640995479,28
1640995480,28
1640995481,28
1640995482,28
1640995483,0
1640995484,0
1640995485,0
1640995486,0
1640995487,0
1640995488,0
1640995489,0
1640995490,0
1640995491,0
1640995492,0
1640995493,0
1640995494,0
1640995495,0
1640995496,0
1640995497,0
1640995498,0
1640995499,0
1640995500,0
1640995501,0
1640995502,0
1640995503,0
1640995504,0
1640995505,0
1640995506,0
1640995507,0
1640995508,0
1640995509,0
1640995510,0
1640995511,0
1640995512,0
1640995513,0
1640995514,0
1640995515,0
1640995516,0
1640995517,0
1640995518,0
1640995519,0
1640995520,0
1640995521,0
1640995522,0
1640995523,0
1640995524,0
1640995525,0
1640995526,0
1640995527,0
1640995528,0
1640995529,0
1640995530,0
1640995531,0
1640995532,0
1640995533,0
1640995534,0
1640995535,0
1640995536,0
1640995537,0
1640995538,0
1640995539,0
1640995540,0
1640995541,0
1640995542,0
1640995543,0
1640995544,0
1640995545,0
1640995546,0
1640995547,0
1640995548,0
1640995549,0
1640995550,0
1640995551,0
1640995552,0
1640995553,0
1640995554,0
1640995555,0
1640995556,0
1640995557,0
1640995558,0
1640995559,0
1640995560,0
1640995561,0
1640995562,0
1640995563,0
1640995564,0
1640995565,0
1640995566,0
1640995567,0
1640995568,0
1640995569,0
1640995570,0
1640995571,0
1640995572,0
1640995573,0
1640995574,0
1640995575,0
1640995576,0
1640995577,0
1640995578,0
1640995579,0
1640995580,0
1640995581,0
1640995582,0
1640995583,0
1640995584,0
1640995585,0
1640995586,0
1640995587,0
1640995588,0
1640995589,0
1640995590,0
1640995591,0
1640995592,0
1640995593,0
1640995594,0
1640995595,0
1640995596,0
1640995597,0
1640995598,0
1640995599,0
1640995600,0
1640995601,0
1640995602,0
1640995603,0
1640995604,0
1640995605,0
1640995606,0
1640995607,0
1640995608,0
1640995609,0
1640995610,0
1640995611,0
1640995612,0
1640995613,0
1640995614,0
1640995615,0
1640995616,0
1640995617,0
1640995618,0
1640995619,0
1640995620,0
1640995621,0
1640995622,0
1640995623,0
1640995624,0
1640995625,0
1640995626,0
1640995627,0
1640995628,0
1640995629,0
1640995630,0
1640995631,0
1640995632,0
1640995633,0
1640995634,0
1640995635,0
1640995636,0
1640995637,0
1640995638,0
1640995639,0
1640995640,0
1640995641,0
1640995642,0
1640995643,0
1640995644,0
1640995645,0
1640995646,0
1640995647,0
1640995648,0
1640995649,0
1640995650,0
1640995651,0
1640995652,0
1640995653,0
1640995654,0
1640995655,0
1640995656,0
1640995657,0
1640995658,0
1640995659,0
1640995660,0
1640995661,0
1640995662,0
1640995663,0
1640995664,0
1640995665,0
1640995666,0
1640995667,0
1640995668,1
1640995669,1
1640995670,1
1640995671,1
1640995672,1
1640995673,28
1640995674,28
1640995675,28
1640995676,28
1640995677,28
1640995678,28
1640995679,28
1640995680,28
1640995681,28
1640995682,28
1640995683,28
1640995684,28
1640995685,28
1640995686,28
1640995687,28
1640995688,28
1640995689,28
1640995690,28
1640995691,28
1640995692,28
1640995693,28
1640995694,28
1640995695,28
1640995696,28
1640995697,28
1640995698,28
1640995699,28
1640995700,28
1640995701,28
1640995702,28
1640995703,28
1640995704,28
1640995705,28
1640995706,28
1640995707,28
1640995708,28
1640995709,28
1640995710,28
1640995711,28
1640995712,28
1640995713,28
1640995714,28
1640995715,28
1640995716,28
1640995717,28
1640995718,28
1640995719,28
1640995720,28
1640995721,28
1640995722,28
1640995723,28
1640995724,28
1640995725,28
1640995726,28
1640995727,28
1640995728,28
1640995729,28
1640995730,28
1640995731,28
1640995732,28
1640995733,28
1640995734,28
1640995735,28
1640995736,28
1640995737,28
1640995738,28
1640995739,28
1640995740,28
1640995741,28
1640995742,28
1640995743,28
1640995744,28
1640995745,28
1640995746,28
1640995747,28
1640995748,28
1640995749,28
1640995750,28
1640995751,28
1640995752,28
1640995753,28
1640995754,28
1640995755,28
1640995756,28
1640995757,28
1640995758,28
1640995759,28
1640995760,28
1640995761,28
1640995762,28
1640995763,28
1640995764,28
1640995765,28
1640995766,28
1640995767,28
1640995768,24
1640995769,24
1640995770,24
1640995771,24
1640995772,24
1640995773,0
1640995774,0
1640995775,0
1640995776,0
1640995777,0
1640995778,0
1640995779,0
1640995780,0
1640995781,0
1640995782,0
1640995783,0
1640995784,0
1640995785,0
1640995786,0
1640995787,0
1640995788,0
1640995789,0
1640995790,0
1640995791,0
1640995792,0
1640995793,0
1640995794,0
1640995795,0
1640995796,0
1640995797,0
1640995798,0
1640995799,0
1640995800,0
1640995801,0
1640995802,0
1640995803,325
1640995804,325
1640995805,325
1640995806,325
1640995807,325
1640995808,1525
1640995809,1525
1640995810,1525
1640995811,1525
1640995812,1525
1640995813,1591
1640995814,1591
1640995815,1591
1640995816,1591
1640995817,1591
1640995818,1593
1640995819,1593
1640995820,1593
1640995821,1593
1640995822,1593
1640995823,1593
1640995824,1593
1640995825,1593
1640995826,1593
1640995827,1593
1640995828,1140
1640995829,1140
1640995830,1140
1640995831,1140
1640995832,1140
1640995833,0
1640995834,0
1640995835,0
1640995836,0
1640995837,0
1640995838,650
1640995839,650
1640995840,650
1640995841,650
1640995842,650
1640995843,811
1640995844,811
1640995845,811
1640995846,811
1640995847,811
1640995848,475
1640995849,475
1640995850,475
1640995851,475
1640995852,475
1640995853,475
1640995854,475
1640995855,475
1640995856,475
1640995857,475
1640995858,476
1640995859,476
1640995860,476
1640995861,476
1640995862,476
1640995863,477
1640995864,477
1640995865,477
1640995866,477
1640995867,477
1640995868,476
1640995869,476
1640995870,476
1640995871,476
1640995872,476
1640995873,475
1640995874,475
1640995875,475
1640995876,475
1640995877,475
1640995878,474
1640995879,474
1640995880,474
1640995881,474
1640995882,474
1640995883,473
1640995884,473
1640995885,473
1640995886,473
1640995887,473
1640995888,473
1640995889,473
1640995890,473
1640995891,473
1640995892,473
1640995893,472
1640995894,472
1640995895,472
1640995896,472
1640995897,472
1640995898,472
1640995899,472
1640995900,472
1640995901,472
1640995902,472
1640995903,472
1640995904,472
1640995905,472
1640995906,472
1640995907,472
1640995908,471
1640995909,471
1640995910,471
1640995911,471
1640995912,471
1640995913,468
1640995914,468
1640995915,468
1640995916,468
1640995917,468
1640995918,467
1640995919,467
1640995920,467
1640995921,467
1640995922,467
1640995923,467
1640995924,467
1640995925,467
1640995926,467
1640995927,467
1640995928,467
1640995929,467
1640995930,467
1640995931,467
1640995932,467
1640995933,467
1640995934,467
1640995935,467
1640995936,467
1640995937,467
1640995938,466
1640995939,466
1640995940,466
1640995941,466
1640995942,466
1640995943,466
1640995944,466
1640995945,466
1640995946,466
1640995947,466
1640995948,466
1640995949,466
1640995950,466
1640995951,466
1640995952,466
1640995953,467
1640995954,467
1640995955,467
1640995956,467
1640995957,467
1640995958,467
1640995959,467
1640995960,467
1640995961,467
1640995962,467
1640995963,466
1640995964,466
1640995965,466
1640995966,466
1640995967,466
1640995968,466
1640995969,466
1640995970,466
1640995971,466
1640995972,466
1640995973,467
1640995974,467
1640995975,467
1640995976,467
1640995977,467
1640995978,470
1640995979,470
1640995980,470
1640995981,470
1640995982,470
1640995983,468
1640995984,468
1640995985,468
1640995986,468
1640995987,468
1640995988,468
1640995989,468
1640995990,468
1640995991,468
1640995992,468
1640995993,466
1640995994,466
1640995995,466
1640995996,466
1640995997,466
1640995998,466
1640995999,466
1640996000,466
1640996001,466
1640996002,466
1640996003,466
1640996004,466
1640996005,466
1640996006,466
1640996007,466
1640996008,466
1640996009,466
1640996010,466
1640996011,466
1640996012,466
1640996013,467
1640996014,467
1640996015,467
1640996016,467
1640996017,467
1640996018,470
1640996019,470
1640996020,470
1640996021,470
1640996022,470
1640996023,468
1640996024,468
1640996025,468
1640996026,468
1640996027,468
1640996028,125
1640996029,125
1640996030,125
1640996031,125
1640996032,125
1640996033,102
1640996034,102
1640996035,102
1640996036,102
1640996037,102
1640996038,123
1640996039,123
1640996040,123
1640996041,123
1640996042,123
1640996043,167
1640996044,167
1640996045,167
1640996046,167
1640996047,167
1640996048,167
1640996049,167
1640996050,167
1640996051,167
1640996052,167
1640996053,167
1640996054,167
1640996055,167
1640996056,167
1640996057,167
1640996058,167
1640996059,167
1640996060,167
1640996061,167
1640996062,167
1640996063,139
1640996064,139
1640996065,139
1640996066,139
1640996067,139
1640996068,101
1640996069,101
1640996070,101
1640996071,101
1640996072,101
1640996073,101
1640996074,101
1640996075,101
1640996076,101
1640996077,101
1640996078,101
1640996079,101
1640996080,101
1640996081,101
1640996082,101
1640996083,102
1640996084,102
1640996085,102
1640996086,102
1640996087,102
1640996088,102
1640996089,102
1640996090,102
1640996091,102
1640996092,102
1640996093,101
1640996094,101
1640996095,101
1640996096,101
1640996097,101
1640996098,102
1640996099,102
1640996100,102
1640996101,102
1640996102,102
1640996103,101
1640996104,101
1640996105,101
1640996106,101
1640996107,101
1640996108,102
1640996109,102
1640996110,102
1640996111,102
1640996112,102
1640996113,102
1640996114,102
1640996115,102
1640996116,102
1640996117,102
1640996118,101
1640996119,101
1640996120,101
1640996121,101
1640996122,101
1640996123,101
1640996124,101
1640996125,101
1640996126,101
1640996127,101
1640996128,101
1640996129,101
1640996130,101
1640996131,101
1640996132,101
1640996133,101
1640996134,101
1640996135,101
1640996136,101
1640996137,101
1640996138,101
1640996139,101
1640996140,101
1640996141,101
1640996142,101
1640996143,101
1640996144,101
1640996145,101
1640996146,101
1640996147,101
1640996148,101
1640996149,101
1640996150,101
1640996151,101
1640996152,101
1640996153,101
1640996154,101
1640996155,101
1640996156,101
1640996157,101
1640996158,101
1640996159,101
1640996160,101
1640996161,101
1640996162,101
1640996163,101
1640996164,101
1640996165,101
1640996166,101
1640996167,101
1640996168,133
1640996169,133
1640996170,133
1640996171,133
1640996172,133
1640996173,0
1640996174,0
1640996175,0
1640996176,0
1640996177,0
1640996178,0
1640996179,0
1640996180,0
1640996181,0
1640996182,0
1640996183,0
1640996184,0
1640996185,0
1640996186,0
1640996187,0
1640996188,0
1640996189,0
1640996190,0
1640996191,0
1640996192,0
1640996193,0
1640996194,0
1640996195,0
1640996196,0
1640996197,0
1640996198,0
1640996199,0
1640996200,0
1640996201,0
1640996202,0
1640996203,0
1640996204,0
1640996205,0
1640996206,0
1640996207,0
1640996208,0
1640996209,0
1640996210,0
1640996211,0
1640996212,0
1640996213,0
1640996214,0
1640996215,0
1640996216,0
1640996217,0
1640996218,0
1640996219,0
1640996220,0
1640996221,0
1640996222,0
1640996223,0
1640996224,0
1640996225,0
1640996226,0
1640996227,0
1640996228,0
1640996229,0
1640996230,0
1640996231,0
1640996232,0
1640996233,0
1640996234,0
1640996235,0
1640996236,0
1640996237,0
1640996238,0
1640996239,0
1640996240,0
1640996241,0
1640996242,0
1640996243,0
1640996244,0
1640996245,0
1640996246,0
1640996247,0
1640996248,0
1640996249,0
1640996250,0
1640996251,0
1640996252,0
1640996253,0
1640996254,0
1640996255,0
1640996256,0
1640996257,0
1640996258,0
1640996259,0
1640996260,0
1640996261,0
1640996262,0
1640996263,0
1640996264,0
1640996265,0
1640996266,0
1640996267,0
1640996268,0
1640996269,0
1640996270,0
1640996271,0
1640996272,0
1640996273,692
1640996274,692
1640996275,692
1640996276,692
1640996277,692
1640996278,816
1640996279,816
1640996280,816
1640996281,816
1640996282,816
1640996283,815
1640996284,815
1640996285,815
1640996286,815
1640996287,815
1640996288,814
1640996289,814
1640996290,814
1640996291,814
1640996292,814
1640996293,814
1640996294,814
1640996295,814
1640996296,814
1640996297,814
1640996298,813
1640996299,813
1640996300,813
1640996301,813
1640996302,813
1640996303,813
1640996304,813
1640996305,813
1640996306,813
1640996307,813
1640996308,812
1640996309,812
1640996310,812
1640996311,812
1640996312,812
1640996313,811
1640996314,811
1640996315,811
1640996316,811
1640996317,811
1640996318,609
1640996319,609
1640996320,609
1640996321,609
1640996322,609
1640996323,467
1640996324,467
1640996325,467
1640996326,467
1640996327,467
1640996328,466
1640996329,466
1640996330,466
1640996331,466
1640996332,466
1640996333,466
1640996334,466
1640996335,466
1640996336,466
1640996337,466
1640996338,467
1640996339,467
1640996340,467
1640996341,467
1640996342,467
1640996343,467
1640996344,467
1640996345,467
1640996346,467
1640996347,467
1640996348,675
1640996349,675
1640996350,675
1640996351,675
1640996352,675
1640996353,896
1640996354,896
1640996355,896
1640996356,896
1640996357,896
1640996358,897
1640996359,897
1640996360,897
1640996361,897
1640996362,897
1640996363,895
1640996364,895
1640996365,895
1640996366,895
1640996367,895
1640996368,898
1640996369,898
1640996370,898
1640996371,898
1640996372,898
1640996373,894
1640996374,894
1640996375,894
1640996376,894
1640996377,894
1640996378,897
1640996379,897
1640996380,897
1640996381,897
1640996382,897
1640996383,931
1640996384,931
1640996385,931
1640996386,931
1640996387,931
1640996388,1581
1640996389,1581
1640996390,1581
1640996391,1581
1640996392,1581
1640996393,1582
1640996394,1582
1640996395,1582
1640996396,1582
1640996397,1582
1640996398,1582
1640996399,1582
1640996400,1582
1640996401,1582
1640996402,1582
1640996403,1518
1640996404,1518
1640996405,1518
1640996406,1518
1640996407,1518
1640996408,383
1640996409,383
1640996410,383
1640996411,383
1640996412,383
1640996413,0
1640996414,0
1640996415,0
1640996416,0
1640996417,0
1640996418,0
1640996419,0
1640996420,0
1640996421,0
1640996422,0
1640996423,0
1640996424,0
1640996425,0
1640996426,0
1640996427,0
1640996428,0
1640996429,0
1640996430,0
1640996431,0
1640996432,0
1640996433,0
1640996434,0
1640996435,0
1640996436,0
1640996437,0
1640996438,0
1640996439,0
1640996440,0
1640996441,0
1640996442,0
1640996443,0
1640996444,0
1640996445,0
1640996446,0
1640996447,0
1640996448,0
1640996449,0
1640996450,0
1640996451,0
1640996452,0
1640996453,0
1640996454,0
1640996455,0
1640996456,0
1640996457,0
1640996458,0
1640996459,0
1640996460,0
1640996461,0
1640996462,0
1640996463,0
1640996464,0
1640996465,0
1640996466,0
1640996467,0
1640996468,0
1640996469,0
1640996470,0
1640996471,0
1640996472,0
1640996473,0
1640996474,0
1640996475,0
1640996476,0
1640996477,0
1640996478,0
1640996479,0
1640996480,0
1640996481,0
1640996482,0
1640996483,0
1640996484,0
1640996485,0
1640996486,0
1640996487,0
1640996488,0
1640996489,0
1640996490,0
1640996491,0
1640996492,0
1640996493,0
1640996494,0
1640996495,0
1640996496,0
1640996497,0
1640996498,0
1640996499,0
1640996500,0
1640996501,0
1640996502,0
1640996503,0
1640996504,0
1640996505,0
1640996506,0
1640996507,0
1640996508,0
1640996509,0
1640996510,0
1640996511,0
1640996512,0
1640996513,0
1640996514,0
1640996515,0
1640996516,0
1640996517,0
1640996518,0
1640996519,0
1640996520,0
1640996521,0
1640996522,0
1640996523,0
1640996524,0
1640996525,0
1640996526,0
1640996527,0
1640996528,0
1640996529,0
1640996530,0
1640996531,0
1640996532,0
1640996533,0
1640996534,0
1640996535,0
1640996536,0
1640996537,0
1640996538,0
1640996539,0
1640996540,0
1640996541,0
1640996542,0
1640996543,0
1640996544,0
1640996545,0
1640996546,0
1640996547,0
1640996548,0
1640996549,0
1640996550,0
1640996551,0
1640996552,0
1640996553,0
1640996554,0
1640996555,0
1640996556,0
1640996557,0
1640996558,0
1640996559,0
1640996560,0
1640996561,0
1640996562,0
1640996563,0
1640996564,0
1640996565,0
1640996566,0
1640996567,0
1640996568,0
1640996569,0
1640996570,0
1640996571,0
1640996572,0
1640996573,0
1640996574,0
1640996575,0
1640996576,0
1640996577,0
1640996578,0
1640996579,0
1640996580,0
1640996581,0
1640996582,0
1640996583,0
1640996584,0
1640996585,0
1640996586,0
1640996587,0
1640996588,0
1640996589,0
1640996590,0
1640996591,0
1640996592,0
1640996593,0
1640996594,0
1640996595,0
1640996596,0
1640996597,0
1640996598,0
1640996599,0
1640996600,0
1640996601,0
1640996602,0
1640996603,0
1640996604,0
1640996605,0
1640996606,0
1640996607,0
1640996608,0
1640996609,0
1640996610,0
1640996611,0
1640996612,0
1640996613,0
1640996614,0
1640996615,0
1640996616,0
1640996617,0
1640996618,0
1640996619,0
1640996620,0
1640996621,0
1640996622,0
1640996623,0
1640996624,0
1640996625,0
1640996626,0
1640996627,0
1640996628,0
1640996629,0
1640996630,0
1640996631,0
1640996632,0
1640996633,0
1640996634,0
1640996635,0
1640996636,0
1640996637,0
1640996638,0
1640996639,0
1640996640,0
1640996641,0
1640996642,0
1640996643,0
1640996644,0
1640996645,0
1640996646,0
1640996647,0
1640996648,0
1640996649,0
1640996650,0
1640996651,0
1640996652,0
1640996653,0
1640996654,0
1640996655,0
1640996656,0
1640996657,0
1640996658,0
1640996659,0
1640996660,0
1640996661,0
1640996662,0
1640996663,0
1640996664,0
1640996665,0
1640996666,0
1640996667,0
1640996668,0
1640996669,0
1640996670,0
1640996671,0
1640996672,0
1640996673,0
1640996674,0
1640996675,0
1640996676,0
1640996677,0
1640996678,0
1640996679,0
1640996680,0
1640996681,0
1640996682,0
1640996683,0
1640996684,0
1640996685,0
1640996686,0
1640996687,0
1640996688,0
1640996689,0
1640996690,0
1640996691,0
1640996692,0
1640996693,0
1640996694,0
1640996695,0
1640996696,0
1640996697,0
1640996698,0
1640996699,0
1640996700,0
1640996701,0
1640996702,0
1640996703,0
1640996704,0
1640996705,0
1640996706,0
1640996707,0
1640996708,0
1640996709,0
1640996710,0
1640996711,0
1640996712,0
1640996713,0
1640996714,0
1640996715,0
1640996716,0
1640996717,0
1640996718,0
1640996719,0
1640996720,0
1640996721,0
1640996722,0
1640996723,0
1640996724,0
1640996725,0
1640996726,0
1640996727,0
1640996728,0
1640996729,0
1640996730,0
1640996731,0
1640996732,0
1640996733,0
1640996734,0
1640996735,0
1640996736,0
1640996737,0
1640996738,0
1640996739,0
1640996740,0
1640996741,0
1640996742,0
1640996743,0
1640996744,0
1640996745,0
1640996746,0
1640996747,0
1640996748,0
1640996749,0
1640996750,0
1640996751,0
1640996752,0
1640996753,0
1640996754,0
1640996755,0
1640996756,0
1640996757,0
1640996758,0
1640996759,0
1640996760,0
1640996761,0
1640996762,0
1640996763,0
1640996764,0
1640996765,0
1640996766,0
1640996767,0
1640996768,0
1640996769,0
1640996770,0
1640996771,0
1640996772,0
1640996773,0
1640996774,0
1640996775,0
1640996776,0
1640996777,0
1640996778,0
1640996779,0
1640996780,0
1640996781,0
1640996782,0
1640996783,0
1640996784,0
1640996785,0
1640996786,0
1640996787,0
1640996788,0
1640996789,0
1640996790,0
1640996791,0
1640996792,0
1640996793,0
1640996794,0
1640996795,0
1640996796,0
1640996797,0
1640996798,0
1640996799,0
1640996800,0
1640996801,0
1640996802,0
1640996803,0
1640996804,0
1640996805,0
1640996806,0
1640996807,0
1640996808,0
1640996809,0
1640996810,0
1640996811,0
1640996812,0
1640996813,0
1640996814,0
1640996815,0
1640996816,0
1640996817,0
1640996818,0
1640996819,0
1640996820,0
1640996821,0
1640996822,0
1640996823,0
1640996824,0
1640996825,0
1640996826,0
1640996827,0
1640996828,0
1640996829,0
1640996830,0
1640996831,0
1640996832,0
1640996833,0
1640996834,0
1640996835,0
1640996836,0
1640996837,0
1640996838,0
1640996839,0
1640996840,0
1640996841,0
1640996842,0
1640996843,0
1640996844,0
1640996845,0
1640996846,0
1640996847,0
1640996848,0
1640996849,0
1640996850,0
1640996851,0
1640996852,0
1640996853,0
1640996854,0
1640996855,0
1640996856,0
1640996857,0
1640996858,0
1640996859,0
1640996860,0
1640996861,0
1640996862,0
1640996863,0
1640996864,0
1640996865,0
1640996866,0
1640996867,0
1640996868,0
1640996869,0
1640996870,0
1640996871,0
1640996872,0
1640996873,0
1640996874,0
1640996875,0
1640996876,0
1640996877,0
1640996878,0
1640996879,0
1640996880,0
1640996881,0
1640996882,0
1640996883,0
1640996884,0
1640996885,0
1640996886,0
1640996887,0
1640996888,0
1640996889,0
1640996890,0
1640996891,0
1640996892,0
1640996893,0
1640996894,0
1640996895,0
1640996896,0
1640996897,0
1640996898,0
1640996899,0
1640996900,0
1640996901,0
1640996902,0
1640996903,0
1640996904,0
1640996905,0
1640996906,0
1640996907,0
1640996908,0
1640996909,0
1640996910,0
1640996911,0
1640996912,0
1640996913,0
1640996914,0
1640996915,0
1640996916,0
1640996917,0
1640996918,0
1640996919,0
1640996920,0
1640996921,0
1640996922,0
1640996923,0
1640996924,0
1640996925,0
1640996926,0
1640996927,0
1640996928,0
1640996929,0
1640996930,0
1640996931,0
1640996932,0
1640996933,0
1640996934,0
1640996935,0
1640996936,0
1640996937,0
1640996938,0
1640996939,0
1640996940,0
1640996941,0
1640996942,0
1640996943,0
1640996944,0
1640996945,0
1640996946,0
1640996947,0
1640996948,0
1640996949,0
1640996950,0
1640996951,0
1640996952,0
1640996953,0
1640996954,0
1640996955,0
1640996956,0
1640996957,0
1640996958,0
1640996959,0
1640996960,0
1640996961,0
1640996962,0
1640996963,0
1640996964,0
1640996965,0
1640996966,0
1640996967,0
1640996968,0
1640996969,0
1640996970,0
1640996971,0
1640996972,0
1640996973,0
1640996974,0
1640996975,0
1640996976,0
1640996977,0
1640996978,0
1640996979,0
1640996980,0
1640996981,0
1640996982,0
1640996983,0
1640996984,0
1640996985,0
1640996986,0
1640996987,0
1640996988,0
1640996989,0
1640996990,0
1640996991,0
1640996992,0
1640996993,0
1640996994,0
1640996995,0
1640996996,0
1640996997,0
1640996998,0
1640996999,0
1640997000,0
1640997001,0
1640997002,0
1640997003,0
1640997004,0
1640997005,0
1640997006,0
1640997007,0
1640997008,0
1640997009,0
1640997010,0
1640997011,0
1640997012,0
1640997013,0
1640997014,0
1640997015,0
1640997016,0
1640997017,0
1640997018,0
1640997019,0
1640997020,0
1640997021,0
1640997022,0
1640997023,0
1640997024,0
1640997025,0
1640997026,0
1640997027,0
1640997028,0
1640997029,0
1640997030,0
1640997031,0
1640997032,0
1640997033,0
1640997034,0
1640997035,0
1640997036,0
1640997037,0
1640997038,0
1640997039,0
1640997040,0
1640997041,0
1640997042,0
1640997043,0
1640997044,0
1640997045,0
1640997046,0
1640997047,0
1640997048,0
1640997049,0
1640997050,0
1640997051,0
1640997052,0
1640997053,0
1640997054,0
1640997055,0
1640997056,0
1640997057,0
1640997058,0
1640997059,0
1640997060,0
1640997061,0
1640997062,0
1640997063,0
1640997064,0
1640997065,0
1640997066,0
1640997067,0
1640997068,0
1640997069,0
1640997070,0
1640997071,0
1640997072,0
1640997073,0
1640997074,0
1640997075,0
1640997076,0
1640997077,0
1640997078,0
1640997079,0
1640997080,0
1640997081,0
1640997082,0
1640997083,0
1640997084,0
1640997085,0
1640997086,0
1640997087,0
1640997088,0
1640997089,0
1640997090,0
1640997091,0
1640997092,0
1640997093,0
1640997094,0
1640997095,0
1640997096,0
1640997097,0
1640997098,0
1640997099,0
1640997100,0
1640997101,0
1640997102,0
1640997103,0
1640997104,0
1640997105,0
1640997106,0
1640997107,0
1640997108,0
1640997109,0
1640997110,0
1640997111,0
1640997112,0
1640997113,0
1640997114,0
1640997115,0
1640997116,0
1640997117,0
1640997118,0
1640997119,0
1640997120,0
1640997121,0
1640997122,0
1640997123,0
1640997124,0
1640997125,0
1640997126,0
1640997127,0
1640997128,0
1640997129,0
1640997130,0
1640997131,0
1640997132,0
1640997133,0
1640997134,0
1640997135,0
1640997136,0
1640997137,0
1640997138,0
1640997139,0
1640997140,0
1640997141,0
1640997142,0
1640997143,0
1640997144,0
1640997145,0
1640997146,0
1640997147,0
1640997148,0
1640997149,0
1640997150,0
1640997151,0
1640997152,0
1640997153,0
1640997154,0
1640997155,0
1640997156,0
1640997157,0
1640997158,0
1640997159,0
1640997160,0
1640997161,0
1640997162,0
1640997163,0
1640997164,0
1640997165,0
1640997166,0
1640997167,0
1640997168,0
1640997169,0
1640997170,0
1640997171,0
1640997172,0
1640997173,0
1640997174,0
1640997175,0
1640997176,0
1640997177,0
1640997178,0
1640997179,0
1640997180,0
1640997181,0
1640997182,0
1640997183,0
1640997184,0
1640997185,0
1640997186,0
1640997187,0
1640997188,0
1640997189,0
1640997190,0
1640997191,0
1640997192,0
1640997193,0
1640997194,0
1640997195,0
1640997196,0
1640997197,0
1640997198,0
1640997199,0
1640997200,0
1640997201,0
1640997202,0
1640997203,0
1640997204,0
1640997205,0
1640997206,0
1640997207,0
1640997208,0
1640997209,0
1640997210,0
1640997211,0
1640997212,0
1640997213,0
1640997214,0
1640997215,0
1640997216,0
1640997217,0
1640997218,0
1640997219,0
1640997220,0
1640997221,0
1640997222,0
1640997223,0
1640997224,0
1640997225,0
1640997226,0
1640997227,0
1640997228,0
1640997229,0
1640997230,0
1640997231,0
1640997232,0
1640997233,90
1640997234,90
1640997235,90
1640997236,90
1640997237,90
1640997238,476
1640997239,476
1640997240,476
1640997241,476
1640997242,476
1640997243,475
1640997244,475
1640997245,475
1640997246,475
1640997247,475
1640997248,473
1640997249,473
1640997250,473
1640997251,473
1640997252,473
1640997253,474
1640997254,474
1640997255,474
1640997256,474
1640997257,474
1640997258,473
1640997259,473
1640997260,473
1640997261,473
1640997262,473
1640997263,472
1640997264,472
1640997265,472
1640997266,472
1640997267,472
1640997268,471
1640997269,471
1640997270,471
1640997271,471
1640997272,471
1640997273,471
1640997274,471
1640997275,471
1640997276,471
1640997277,471
1640997278,470
1640997279,470
1640997280,470
1640997281,470
1640997282,470
1640997283,470
1640997284,470
1640997285,470
1640997286,470
1640997287,470
1640997288,469
1640997289,469
1640997290,469
1640997291,469
1640997292,469
1640997293,470
1640997294,470
1640997295,470
1640997296,470
1640997297,470
1640997298,470
1640997299,470
1640997300,470
1640997301,470
1640997302,470
1640997303,469
1640997304,469
1640997305,469
1640997306,469
1640997307,469
1640997308,469
1640997309,469
1640997310,469
1640997311,469
1640997312,469
1640997313,469
1640997314,469
1640997315,469
1640997316,469
1640997317,469
1640997318,469
1640997319,469
1640997320,469
1640997321,469
1640997322,469
1640997323,468
1640997324,468
1640997325,468
1640997326,468
1640997327,468
1640997328,468
1640997329,468
1640997330,468
1640997331,468
1640997332,468
1640997333,468
1640997334,468
1640997335,468
1640997336,468
1640997337,468
1640997338,468
1640997339,468
1640997340,468
1640997341,468
1640997342,468
1640997343,468
1640997344,468
1640997345,468
1640997346,468
1640997347,468
1640997348,468
1640997349,468
1640997350,468
1640997351,468
1640997352,468
1640997353,468
1640997354,468
1640997355,468
1640997356,468
1640997357,468
1640997358,468
1640997359,468
1640997360,468
1640997361,468
1640997362,468
1640997363,466
1640997364,466
1640997365,466
1640997366,466
1640997367,466
1640997368,467
1640997369,467
1640997370,467
1640997371,467
1640997372,467
1640997373,468
1640997374,468
1640997375,468
1640997376,468
1640997377,468
1640997378,467
1640997379,467
1640997380,467
1640997381,467
1640997382,467
1640997383,467
1640997384,467
1640997385,467
1640997386,467
1640997387,467
1640997388,467
1640997389,467
1640997390,467
1640997391,467
1640997392,467
1640997393,468
1640997394,468
1640997395,468
1640997396,468
1640997397,468
1640997398,467
1640997399,467
1640997400,467
1640997401,467
1640997402,467
1640997403,468
1640997404,468
1640997405,468
1640997406,468
1640997407,468
1640997408,466
1640997409,466
1640997410,466
1640997411,466
1640997412,466
1640997413,468
1640997414,468
1640997415,468
1640997416,468
1640997417,468
1640997418,467
1640997419,467
1640997420,467
1640997421,467
1640997422,467
1640997423,467
1640997424,467
1640997425,467
1640997426,467
1640997427,467
1640997428,467
1640997429,467
1640997430,467
1640997431,467
1640997432,467
1640997433,466
1640997434,466
1640997435,466
1640997436,466
1640997437,466
1640997438,466
1640997439,466
1640997440,466
1640997441,466
1640997442,466
1640997443,467
1640997444,467
1640997445,467
1640997446,467
1640997447,467
1640997448,468
1640997449,468
1640997450,468
1640997451,468
1640997452,468
1640997453,468
1640997454,468
1640997455,468
1640997456,468
1640997457,468
1640997458,463
1640997459,463
1640997460,463
1640997461,463
1640997462,463
1640997463,0
1640997464,0
1640997465,0
1640997466,0
1640997467,0
1640997468,0
1640997469,0
1640997470,0
1640997471,0
1640997472,0
1640997473,0
1640997474,0
1640997475,0
1640997476,0
1640997477,0
1640997478,0
1640997479,0
1640997480,0
1640997481,0
1640997482,0
1640997483,0
1640997484,0
1640997485,0
1640997486,0
1640997487,0
1640997488,0
1640997489,0
1640997490,0
1640997491,0
1640997492,0
1640997493,0
1640997494,0
1640997495,0
1640997496,0
1640997497,0
1640997498,0
1640997499,0
1640997500,0
1640997501,0
1640997502,0
1640997503,0
1640997504,0
1640997505,0
1640997506,0
1640997507,0
1640997508,0
1640997509,0
1640997510,0
1640997511,0
1640997512,0
1640997513,0
1640997514,0
1640997515,0
1640997516,0
1640997517,0
1640997518,0
1640997519,0
1640997520,0
1640997521,0
1640997522,0
1640997523,0
1640997524,0
1640997525,0
1640997526,0
1640997527,0
1640997528,0
1640997529,0
1640997530,0
1640997531,0
1640997532,0
1640997533,0
1640997534,0
1640997535,0
1640997536,0
1640997537,0
1640997538,0
1640997539,0
1640997540,0
1640997541,0
1640997542,0
1640997543,0
1640997544,0
1640997545,0
1640997546,0
1640997547,0
1640997548,0
1640997549,0
1640997550,0
1640997551,0
1640997552,0
1640997553,73
1640997554,73
1640997555,73
1640997556,73
1640997557,73
1640997558,473
1640997559,473
1640997560,473
1640997561,473
1640997562,473
1640997563,473
1640997564,473
1640997565,473
1640997566,473
1640997567,473
1640997568,471
1640997569,471
1640997570,471
1640997571,471
1640997572,471
1640997573,471
1640997574,471
1640997575,471
1640997576,471
1640997577,471
1640997578,470
1640997579,470
1640997580,470
1640997581,470
1640997582,470
1640997583,470
1640997584,470
1640997585,470
1640997586,470
1640997587,470
1640997588,471
1640997589,471
1640997590,471
1640997591,471
1640997592,471
1640997593,470
1640997594,470
1640997595,470
1640997596,470
1640997597,470
1640997598,470
1640997599,470
1640997600,470
1640997601,470
1640997602,470
1640997603,470
1640997604,470
1640997605,470
1640997606,470
1640997607,470
1640997608,472
1640997609,472
1640997610,472
1640997611,472
1640997612,472
1640997613,471
1640997614,471
1640997615,471
1640997616,471
1640997617,471
1640997618,470
1640997619,470
1640997620,470
1640997621,470
1640997622,470
1640997623,470
1640997624,470
1640997625,470
1640997626,470
1640997627,470
1640997628,470
1640997629,470
1640997630,470
1640997631,470
1640997632,470
1640997633,468
1640997634,468
1640997635,468
1640997636,468
1640997637,468
1640997638,470
1640997639,470
1640997640,470
1640997641,470
1640997642,470
1640997643,470
1640997644,470
1640997645,470
1640997646,470
1640997647,470
1640997648,468
1640997649,468
1640997650,468
1640997651,468
1640997652,468
1640997653,469
1640997654,469
1640997655,469
1640997656,469
1640997657,469
1640997658,470
1640997659,470
1640997660,470
1640997661,470
1640997662,470
1640997663,471
1640997664,471
1640997665,471
1640997666,471
1640997667,471
1640997668,133
1640997669,133
1640997670,133
1640997671,133
1640997672,133
1640997673,0
1640997674,0
1640997675,0
1640997676,0
1640997677,0
1640997678,0
1640997679,0
1640997680,0
1640997681,0
1640997682,0
1640997683,471
1640997684,471
1640997685,471
1640997686,471
1640997687,471
1640997688,471
1640997689,471
1640997690,471
1640997691,471
1640997692,471
1640997693,471
1640997694,471
1640997695,471
1640997696,471
1640997697,471
1640997698,470
1640997699,470
1640997700,470
1640997701,470
1640997702,470
1640997703,470
1640997704,470
1640997705,470
1640997706,470
1640997707,470
1640997708,470
1640997709,470
1640997710,470
1640997711,470
1640997712,470
1640997713,470
1640997714,470
1640997715,470
1640997716,470
1640997717,470
1640997718,470
1640997719,470
1640997720,470
1640997721,470
1640997722,470
1640997723,470
1640997724,470
1640997725,470
1640997726,470
1640997727,470
1640997728,469
1640997729,469
1640997730,469
1640997731,469
1640997732,469
1640997733,469
1640997734,469
1640997735,469
1640997736,469
1640997737,469
1640997738,469
1640997739,469
1640997740,469
1640997741,469
1640997742,469
1640997743,469
1640997744,469
1640997745,469
1640997746,469
1640997747,469
1640997748,468
1640997749,468
1640997750,468
1640997751,468
1640997752,468
1640997753,468
1640997754,468
1640997755,468
1640997756,468
1640997757,468
1640997758,469
1640997759,469
1640997760,469
1640997761,469
1640997762,469
1640997763,469
1640997764,469
1640997765,469
1640997766,469
1640997767,469
1640997768,468
1640997769,468
1640997770,468
1640997771,468
1640997772,468
1640997773,469
1640997774,469
1640997775,469
1640997776,469
1640997777,469
1640997778,469
1640997779,469
1640997780,469
1640997781,469
1640997782,469
1640997783,470
1640997784,470
1640997785,470
1640997786,470
1640997787,470
1640997788,469
1640997789,469
1640997790,469
1640997791,469
1640997792,469
1640997793,468
1640997794,468
1640997795,468
1640997796,468
1640997797,468
1640997798,469
1640997799,469
1640997800,469
1640997801,469
1640997802,469
1640997803,468
1640997804,468
1640997805,468
1640997806,468
1640997807,468
1640997808,469
1640997809,469
1640997810,469
1640997811,469
1640997812,469
1640997813,468
1640997814,468
1640997815,468
1640997816,468
1640997817,468
1640997818,468
1640997819,468
1640997820,468
1640997821,468
1640997822,468
1640997823,467
1640997824,467
1640997825,467
1640997826,467
1640997827,467
1640997828,469
1640997829,469
1640997830,469
1640997831,469
1640997832,469
1640997833,469
1640997834,469
1640997835,469
1640997836,469
1640997837,469
1640997838,469
1640997839,469
1640997840,469
1640997841,469
1640997842,469
1640997843,467
1640997844,467
1640997845,467
1640997846,467
1640997847,467
1640997848,463
1640997849,463
1640997850,463
1640997851,463
1640997852,463
1640997853,0
1640997854,0
1640997855,0
1640997856,0
1640997857,0
1640997858,0
1640997859,0
1640997860,0
1640997861,0
1640997862,0
1640997863,0
1640997864,0
1640997865,0
1640997866,0
1640997867,0
1640997868,0
1640997869,0
1640997870,0
1640997871,0
1640997872,0
1640997873,0
1640997874,0
1640997875,0
1640997876,0
1640997877,0
1640997878,0
1640997879,0
1640997880,0
1640997881,0
1640997882,0
1640997883,0
1640997884,0
1640997885,0
1640997886,0
1640997887,0
1640997888,0
1640997889,0
1640997890,0
1640997891,0
1640997892,0
1640997893,0
1640997894,0
1640997895,0
1640997896,0
1640997897,0
1640997898,0
1640997899,0
1640997900,0
1640997901,0
1640997902,0
1640997903,0
1640997904,0
1640997905,0
1640997906,0
1640997907,0
1640997908,0
1640997909,0
1640997910,0
1640997911,0
1640997912,0
1640997913,0
1640997914,0
1640997915,0
1640997916,0
1640997917,0
1640997918,11
1640997919,11
1640997920,11
1640997921,11
1640997922,11
1640997923,474
1640997924,474
1640997925,474
1640997926,474
1640997927,474
1640997928,471
1640997929,471
1640997930,471
1640997931,471
1640997932,471
1640997933,471
1640997934,471
1640997935,471
1640997936,471
1640997937,471
1640997938,471
1640997939,471
1640997940,471
1640997941,471
1640997942,471
1640997943,470
1640997944,470
1640997945,470
1640997946,470
1640997947,470
1640997948,470
1640997949,470
1640997950,470
1640997951,470
1640997952,470
1640997953,470
1640997954,470
1640997955,470
1640997956,470
1640997957,470
1640997958,469
1640997959,469
1640997960,469
1640997961,469
1640997962,469
1640997963,468
1640997964,468
1640997965,468
1640997966,468
1640997967,468
1640997968,467
1640997969,467
1640997970,467
1640997971,467
1640997972,467
1640997973,467
1640997974,467
1640997975,467
1640997976,467
1640997977,467
1640997978,468
1640997979,468
1640997980,468
1640997981,468
1640997982,468
1640997983,469
1640997984,469
1640997985,469
1640997986,469
1640997987,469
1640997988,468
1640997989,468
1640997990,468
1640997991,468
1640997992,468
1640997993,455
1640997994,455
1640997995,455
1640997996,455
1640997997,455
1640997998,455
1640997999,470
1640998000,470
1640998001,470
1640998002,470
1640998003,470
1640998004,468
1640998005,468
1640998006,468
1640998007,468
1640998008,468
1640998009,468
1640998010,468
1640998011,468
1640998012,468
1640998013,468
1640998014,469
1640998015,469
1640998016,469
1640998017,469
1640998018,469
1640998019,469
1640998020,469
1640998021,469
1640998022,469
1640998023,469
1640998024,463
1640998025,463
1640998026,463
1640998027,463
1640998028,463
1640998029,0
1640998030,0
1640998031,0
1640998032,0
1640998033,0
1640998034,0
1640998035,0
1640998036,0
1640998037,0
1640998038,0
1640998039,0
1640998040,0
1640998041,0
1640998042,0
1640998043,0
1640998044,0
1640998045,0
1640998046,0
1640998047,0
1640998048,0
1640998049,0
1640998050,0
1640998051,0
1640998052,0
1640998053,0
1640998054,0
1640998055,0
1640998056,0
1640998057,0
1640998058,0
1640998059,0
1640998060,0
1640998061,0
1640998062,0
1640998063,0
1640998064,0
1640998065,0
1640998066,0
1640998067,0
1640998068,0
1640998069,0
1640998070,0
1640998071,0
1640998072,0
1640998073,0
1640998074,0
1640998075,0
1640998076,0
1640998077,0
1640998078,0
1640998079,0
1640998080,0
1640998081,0
1640998082,0
1640998083,0
1640998084,0
1640998085,0
1640998086,0
1640998087,0
1640998088,0
1640998089,0
1640998090,0
1640998091,0
1640998092,0
1640998093,0
1640998094,0
1640998095,0
1640998096,0
1640998097,0
1640998098,0
1640998099,0
1640998100,0
1640998101,0
1640998102,0
1640998103,0
1640998104,0
1640998105,0
1640998106,0
1640998107,0
1640998108,0
1640998109,0
1640998110,0
1640998111,0
1640998112,0
1640998113,0
1640998114,0
1640998115,0
1640998116,0
1640998117,0
1640998118,0
1640998119,0
1640998120,0
1640998121,0
1640998122,0
1640998123,0
1640998124,473
1640998125,473
1640998126,473
1640998127,473
1640998128,473
1640998129,472
1640998130,472
1640998131,472
1640998132,472
1640998133,472
1640998134,471
1640998135,471
1640998136,471
1640998137,471
1640998138,471
1640998139,470
1640998140,470
1640998141,470
1640998142,470
1640998143,470
1640998144,470
1640998145,470
1640998146,470
1640998147,470
1640998148,470
1640998149,470
1640998150,470
1640998151,470
1640998152,470
1640998153,470
1640998154,470
1640998155,470
1640998156,470
1640998157,470
1640998158,470
1640998159,471
1640998160,471
1640998161,471
1640998162,471
1640998163,471
1640998164,470
1640998165,470
1640998166,470
1640998167,470
1640998168,470
1640998169,470
1640998170,470
1640998171,470
1640998172,470
1640998173,470
1640998174,470
1640998175,470
1640998176,470
1640998177,470
1640998178,470
1640998179,469
1640998180,469
1640998181,469
1640998182,469
1640998183,469
1640998184,470
1640998185,470
1640998186,470
1640998187,470
1640998188,470
1640998189,470
1640998190,470
1640998191,470
1640998192,470
1640998193,470
1640998194,470
1640998195,470
1640998196,470
1640998197,470
1640998198,470
1640998199,470
1640998200,470
1640998201,470
1640998202,470
1640998203,470
1640998204,471
1640998205,471
1640998206,471
1640998207,471
1640998208,471
1640998209,465
1640998210,465
1640998211,465
1640998212,465
1640998213,465
1640998214,0
1640998215,0
1640998216,0
1640998217,0
1640998218,0
1640998219,0
1640998220,0
1640998221,0
1640998222,0
1640998223,0
1640998224,0
1640998225,0
1640998226,0
1640998227,0
1640998228,0
1640998229,0
1640998230,0
1640998231,0
1640998232,0
1640998233,0
1640998234,0
1640998235,0
1640998236,0
1640998237,0
1640998238,0
1640998239,0
1640998240,0
1640998241,0
1640998242,0
1640998243,0
1640998244,0
1640998245,0
1640998246,0
1640998247,0
1640998248,0
1640998249,0
1640998250,0
1640998251,0
1640998252,0
1640998253,0
1640998254,0
1640998255,0
1640998256,0
1640998257,0
1640998258,0
1640998259,0
1640998260,0
1640998261,0
1640998262,0
1640998263,0
1640998264,0
1640998265,0
1640998266,0
1640998267,0
1640998268,0
1640998269,0
1640998270,0
1640998271,0
1640998272,0
1640998273,0
1640998274,0
1640998275,0
1640998276,0
1640998277,0
1640998278,0
1640998279,0
1640998280,0
1640998281,0
1640998282,0
1640998283,0
1640998284,0
1640998285,0
1640998286,0
1640998287,0
1640998288,0
1640998289,0
1640998290,0
1640998291,0
1640998292,0
1640998293,0
1640998294,0
1640998295,0
1640998296,0
1640998297,0
1640998298,0
1640998299,0
1640998300,0
1640998301,0
1640998302,0
1640998303,0
1640998304,0
1640998305,0
1640998306,0
1640998307,0
1640998308,0
1640998309,0
1640998310,0
1640998311,0
1640998312,0
1640998313,0
1640998314,0
1640998315,0
1640998316,0
1640998317,0
1640998318,0
1640998319,0
1640998320,0
1640998321,0
1640998322,0
1640998323,0
1640998324,0
1640998325,0
1640998326,0
1640998327,0
1640998328,0
1640998329,0
1640998330,0
1640998331,0
1640998332,0
1640998333,0
1640998334,0
1640998335,0
1640998336,0
1640998337,0
1640998338,0
1640998339,0
1640998340,0
1640998341,0
1640998342,0
1640998343,0
1640998344,0
1640998345,0
1640998346,0
1640998347,0
1640998348,0
1640998349,0
1640998350,0
1640998351,0
1640998352,0
1640998353,0
1640998354,229
1640998355,229
1640998356,229
1640998357,229
1640998358,229
1640998359,475
1640998360,475
1640998361,475
1640998362,475
1640998363,475
1640998364,473
1640998365,473
1640998366,473
1640998367,473
1640998368,473
1640998369,472
1640998370,472
1640998371,472
1640998372,472
1640998373,472
1640998374,471
1640998375,471
1640998376,471
1640998377,471
1640998378,471
1640998379,471
1640998380,471
1640998381,471
1640998382,471
1640998383,471
1640998384,470
1640998385,470
1640998386,470
1640998387,470
1640998388,470
1640998389,470
1640998390,470
1640998391,470
1640998392,470
1640998393,470
1640998394,471
1640998395,471
1640998396,471
1640998397,471
1640998398,471
1640998399,471
1640998400,471
1640998401,471
1640998402,471
1640998403,471
1640998404,471
1640998405,471
1640998406,471
1640998407,471
1640998408,471
1640998409,470
1640998410,470
1640998411,470
1640998412,470
1640998413,470
1640998414,470
1640998415,470
1640998416,470
1640998417,470
1640998418,470
1640998419,471
1640998420,471
1640998421,471
1640998422,471
1640998423,471
1640998424,470
1640998425,470
1640998426,470
1640998427,470
1640998428,470
1640998429,470
1640998430,470
1640998431,470
1640998432,470
1640998433,470
1640998434,469
1640998435,469
1640998436,469
1640998437,469
1640998438,469
1640998439,469
1640998440,469
1640998441,469
1640998442,469
1640998443,469
1640998444,469
1640998445,469
1640998446,469
1640998447,469
1640998448,469
1640998449,469
1640998450,469
1640998451,469
1640998452,469
1640998453,469
1640998454,468
1640998455,468
1640998456,468
1640998457,468
1640998458,468
1640998459,469
1640998460,469
1640998461,469
1640998462,469
1640998463,469
1640998464,469
1640998465,469
1640998466,469
1640998467,469
1640998468,469
1640998469,469
1640998470,469
1640998471,469
1640998472,469
1640998473,469
1640998474,468
1640998475,468
1640998476,468
1640998477,468
1640998478,468
1640998479,462
1640998480,462
1640998481,462
1640998482,462
1640998483,462
1640998484,0
1640998485,0
1640998486,0
1640998487,0
1640998488,0
1640998489,0
1640998490,0
1640998491,0
1640998492,0
1640998493,0
1640998494,0
1640998495,0
1640998496,0
1640998497,0
1640998498,0
1640998499,0
1640998500,0
1640998501,0
1640998502,0
1640998503,0
1640998504,0
1640998505,0
1640998506,0
1640998507,0
1640998508,0
1640998509,0
1640998510,0
1640998511,0
1640998512,0
1640998513,0
1640998514,0
1640998515,0
1640998516,0
1640998517,0
1640998518,0
1640998519,0
1640998520,0
1640998521,0
1640998522,0
1640998523,0
1640998524,0
1640998525,0
1640998526,0
1640998527,0
1640998528,0
1640998529,0
1640998530,0
1640998531,0
1640998532,0
1640998533,0
1640998534,0
1640998535,0
1640998536,0
1640998537,0
1640998538,0
1640998539,0
1640998540,0
1640998541,0
1640998542,0
1640998543,0
1640998544,0
1640998545,0
1640998546,0
1640998547,0
1640998548,0
1640998549,0
1640998550,0
1640998551,0
1640998552,0
1640998553,0
1640998554,0
1640998555,0
1640998556,0
1640998557,0
1640998558,0
1640998559,0
1640998560,0
1640998561,0
1640998562,0
1640998563,0
1640998564,0
1640998565,0
1640998566,0
1640998567,0
1640998568,0
1640998569,0
1640998570,0
1640998571,0
1640998572,0
1640998573,0
1640998574,0
1640998575,0
1640998576,0
1640998577,0
1640998578,0
1640998579,445
1640998580,445
1640998581,445
1640998582,445
1640998583,445
1640998584,472
1640998585,472
1640998586,472
1640998587,472
1640998588,472
1640998589,471
1640998590,471
1640998591,471
1640998592,471
1640998593,471
1640998594,470
1640998595,470
1640998596,470
1640998597,470
1640998598,470
1640998599,469
1640998600,469
1640998601,469
1640998602,469
1640998603,469
1640998604,470
1640998605,470
1640998606,470
1640998607,470
1640998608,470
1640998609,465
1640998610,465
1640998611,465
1640998612,465
1640998613,465
1640998614,0
1640998615,0
1640998616,0
1640998617,0
1640998618,0
1640998619,0
1640998620,0
1640998621,0
1640998622,0
1640998623,0
1640998624,0
1640998625,0
1640998626,0
1640998627,0
1640998628,0
1640998629,0
1640998630,0
1640998631,0
1640998632,0
1640998633,0
1640998634,0
1640998635,0
1640998636,0
1640998637,0
1640998638,0
1640998639,0
1640998640,0
1640998641,0
1640998642,0
1640998643,0
1640998644,0
1640998645,0
1640998646,0
1640998647,0
1640998648,0
1640998649,0
1640998650,0
1640998651,0
1640998652,0
1640998653,0
1640998654,0
1640998655,0
1640998656,0
1640998657,0
1640998658,0
1640998659,0
1640998660,0
1640998661,0
1640998662,0
1640998663,0
1640998664,0
1640998665,0
1640998666,0
1640998667,0
1640998668,0
1640998669,471
1640998670,471
1640998671,471
1640998672,471
1640998673,471
1640998674,471
1640998675,471
1640998676,471
1640998677,471
1640998678,471
1640998679,471
1640998680,471
1640998681,471
1640998682,471
1640998683,471
1640998684,471
1640998685,471
1640998686,471
1640998687,471
1640998688,471
1640998689,470
1640998690,470
1640998691,470
1640998692,470
1640998693,470
1640998694,471
1640998695,471
1640998696,471
1640998697,471
1640998698,471
1640998699,470
1640998700,470
1640998701,470
1640998702,470
1640998703,470
1640998704,469
1640998705,469
1640998706,469
1640998707,469
1640998708,469
1640998709,466
1640998710,466
1640998711,466
1640998712,466
1640998713,466
1640998714,0
1640998715,0
1640998716,0
1640998717,0
1640998718,0
1640998719,0
1640998720,0
1640998721,0
1640998722,0
1640998723,0
1640998724,0
1640998725,0
1640998726,0
1640998727,0
1640998728,0
1640998729,0
1640998730,0
1640998731,0
1640998732,0
1640998733,0
1640998734,0
1640998735,0
1640998736,0
1640998737,0
1640998738,0
1640998739,0
1640998740,0
1640998741,0
1640998742,0
1640998743,0
1640998744,0
1640998745,0
1640998746,0
1640998747,0
1640998748,0
1640998749,0
1640998750,0
1640998751,0
1640998752,0
1640998753,0
1640998754,0
1640998755,0
1640998756,0
1640998757,0
1640998758,0
1640998759,38
1640998760,38
1640998761,38
1640998762,38
1640998763,38
1640998764,473
1640998765,473
1640998766,473
1640998767,473
1640998768,473
1640998769,472
1640998770,472
1640998771,472
1640998772,472
1640998773,472
1640998774,472
1640998775,472
1640998776,472
1640998777,472
1640998778,472
1640998779,472
1640998780,472
1640998781,472
1640998782,472
1640998783,472
1640998784,472
1640998785,472
1640998786,472
1640998787,472
1640998788,472
1640998789,472
1640998790,472
1640998791,472
1640998792,472
1640998793,472
1640998794,471
1640998795,471
1640998796,471
1640998797,471
1640998798,471
1640998799,471
1640998800,471
1640998801,471
1640998802,471
1640998803,471
1640998804,169
1640998805,169
1640998806,169
1640998807,169
1640998808,169
1640998809,0
1640998810,0
1640998811,0
1640998812,0
1640998813,0
1640998814,0
1640998815,0
1640998816,0
1640998817,0
1640998818,0
1640998819,0
1640998820,0
1640998821,0
1640998822,0
1640998823,0
1640998824,0
1640998825,0
1640998826,0
1640998827,0
1640998828,0
1640998829,0
1640998830,0
1640998831,0
1640998832,0
1640998833,0
1640998834,0
1640998835,0
1640998836,0
1640998837,0
1640998838,0
1640998839,0
1640998840,0
1640998841,0
1640998842,0
1640998843,0
1640998844,360
1640998845,360
1640998846,360
1640998847,360
1640998848,360
1640998849,469
1640998850,469
1640998851,469
1640998852,469
1640998853,469
1640998854,471
1640998855,471
1640998856,471
1640998857,471
1640998858,471
1640998859,470
1640998860,470
1640998861,470
1640998862,470
1640998863,470
1640998864,448
1640998865,448
1640998866,448
1640998867,448
1640998868,448
1640998869,0
1640998870,0
1640998871,0
1640998872,0
1640998873,0
1640998874,0
1640998875,0
1640998876,0
1640998877,0
1640998878,0
1640998879,167
1640998880,167
1640998881,167
1640998882,167
1640998883,167
1640998884,471
1640998885,471
1640998886,471
1640998887,471
1640998888,471
1640998889,470
1640998890,470
1640998891,470
1640998892,470
1640998893,470
1640998894,458
1640998895,458
1640998896,458
1640998897,458
1640998898,458
1640998899,465
1640998900,465
1640998901,465
1640998902,465
1640998903,465
1640998904,0
1640998905,0
1640998906,0
1640998907,0
1640998908,0
1640998909,0
1640998910,0
1640998911,0
1640998912,0
1640998913,0
1640998914,0
1640998915,0
1640998916,0
1640998917,0
1640998918,0
1640998919,117
1640998920,117
1640998921,117
1640998922,117
1640998923,117
1640998924,475
1640998925,475
1640998926,475
1640998927,475
1640998928,475
1640998929,470
1640998930,470
1640998931,470
1640998932,470
1640998933,470
1640998934,470
1640998935,470
1640998936,470
1640998937,470
1640998938,470
1640998939,469
1640998940,469
1640998941,469
1640998942,469
1640998943,469
1640998944,108
1640998945,108
1640998946,108
1640998947,108
1640998948,108
1640998949,0
1640998950,0
1640998951,0
1640998952,0
1640998953,0
1640998954,0
1640998955,0
1640998956,0
1640998957,0
1640998958,0
1640998959,72
1640998960,72
1640998961,72
1640998962,72
1640998963,72
1640998964,469
1640998965,469
1640998966,469
1640998967,469
1640998968,469
1640998969,468
1640998970,468
1640998971,468
1640998972,468
1640998973,468
1640998974,468
1640998975,468
1640998976,468
1640998977,468
1640998978,468
1640998979,468
1640998980,468
1640998981,468
1640998982,468
1640998983,468
1640998984,468
1640998985,468
1640998986,468
1640998987,468
1640998988,468
1640998989,461
1640998990,461
1640998991,461
1640998992,461
1640998993,461
1640998994,0
1640998995,0
1640998996,0
1640998997,0
1640998998,0
1640998999,0
1640999000,0
1640999001,0
1640999002,0
1640999003,0
1640999004,0
1640999005,0
1640999006,0
1640999007,0
1640999008,0
1640999009,0
1640999010,0
1640999011,0
1640999012,0
1640999013,0
1640999014,0
1640999015,0
1640999016,0
1640999017,0
1640999018,0
1640999019,0
1640999020,0
1640999021,0
1640999022,0
1640999023,0
1640999024,0
1640999025,0
1640999026,0
1640999027,0
1640999028,0
1640999029,0
1640999030,0
1640999031,0
1640999032,0
1640999033,0
1640999034,0
1640999035,0
1640999036,0
1640999037,0
1640999038,0
1640999039,0
1640999040,0
1640999041,0
1640999042,0
1640999043,0
1640999044,0
1640999045,0
1640999046,0
1640999047,0
1640999048,0
1640999049,0
1640999050,0
1640999051,0
1640999052,0
1640999053,0
1640999054,0
1640999055,0
1640999056,0
1640999057,0
1640999058,0
1640999059,0
1640999060,0
1640999061,0
1640999062,0
1640999063,0
1640999064,0
1640999065,0
1640999066,0
1640999067,0
1640999068,0
1640999069,0
1640999070,0
1640999071,0
1640999072,0
1640999073,0
1640999074,0
1640999075,0
1640999076,0
1640999077,0
1640999078,0
1640999079,0
1640999080,0
1640999081,0
1640999082,0
1640999083,0
1640999084,0
1640999085,0
1640999086,0
1640999087,0
1640999088,0
1640999089,0
1640999090,0
1640999091,0
1640999092,0
1640999093,0
1640999094,0
1640999095,0
1640999096,0
1640999097,0
1640999098,0
1640999099,0
1640999100,0
1640999101,0
1640999102,0
1640999103,0
1640999104,0
1640999105,0
1640999106,0
1640999107,0
1640999108,0
1640999109,0
1640999110,0
1640999111,0
1640999112,0
1640999113,0
1640999114,0
1640999115,0
1640999116,0
1640999117,0
1640999118,0
1640999119,0
1640999120,0
1640999121,0
1640999122,0
1640999123,0
1640999124,0
1640999125,0
1640999126,0
1640999127,0
1640999128,0
1640999129,0
1640999130,0
1640999131,0
1640999132,0
1640999133,0
1640999134,0
1640999135,0
1640999136,0
1640999137,0
1640999138,0
1640999139,0
1640999140,0
1640999141,0
1640999142,0
1640999143,0
1640999144,0
1640999145,0
1640999146,0
1640999147,0
1640999148,0
1640999149,0
1640999150,0
1640999151,0
1640999152,0
1640999153,0
1640999154,0
1640999155,0
1640999156,0
1640999157,0
1640999158,0
1640999159,0
1640999160,0
1640999161,0
1640999162,0
1640999163,0
1640999164,0
1640999165,0
1640999166,0
1640999167,0
1640999168,0
1640999169,0
1640999170,0
1640999171,0
1640999172,0
1640999173,0
1640999174,0
1640999175,0
1640999176,0
1640999177,0
1640999178,0
1640999179,0
1640999180,0
1640999181,0
1640999182,0
1640999183,0
1640999184,0
1640999185,0
1640999186,0
1640999187,0
1640999188,0
1640999189,0
1640999190,0
1640999191,0
1640999192,0
1640999193,0
1640999194,0
1640999195,0
1640999196,0
1640999197,0
1640999198,0
1640999199,0
1640999200,0
1640999201,0
1640999202,0
1640999203,0
1640999204,0
1640999205,0
1640999206,0
1640999207,0
1640999208,0
1640999209,0
1640999210,0
1640999211,0
1640999212,0
1640999213,0
1640999214,0
1640999215,0
1640999216,0
1640999217,0
1640999218,0
1640999219,0
1640999220,0
1640999221,0
1640999222,0
1640999223,0
1640999224,0
1640999225,0
1640999226,0
1640999227,0
1640999228,0
1640999229,0
1640999230,0
1640999231,0
1640999232,0
1640999233,0
1640999234,0
1640999235,0
1640999236,0
1640999237,0
1640999238,0
1640999239,0
1640999240,0
1640999241,0
1640999242,0
1640999243,0
1640999244,0
1640999245,0
1640999246,0
1640999247,0
1640999248,0
1640999249,0
1640999250,0
1640999251,0
1640999252,0
1640999253,0
1640999254,0
1640999255,0
1640999256,0
1640999257,0
1640999258,0
1640999259,0
1640999260,0
1640999261,0
1640999262,0
1640999263,0
